运输架次,路线池索引,盲区序号,开始秒,结束秒,保障方式,中继架次,站点
R01,8,0,799,810,保守中继预留,J01,J02512
R01,8,1,809,825,保守中继预留,J01,J02512
R01,8,2,824,830,保守中继预留,J01,J02512
R01,8,3,829,840,保守中继预留,J01,J02512
R01,8,4,839,844,保守中继预留,J01,J02512
R01,8,5,843,849,保守中继预留,J01,J02512
R01,8,6,848,859,保守中继预留,J01,J02512
R01,8,7,858,864,保守中继预留,J01,J02512
R01,8,8,863,869,保守中继预留,J01,J02512
R01,8,9,868,874,保守中继预留,J01,J02512
R01,8,10,873,879,保守中继预留,J01,J02512
R01,8,11,878,884,保守中继预留,J01,J02512
R01,8,12,883,889,保守中继预留,J01,J02512
R01,8,13,888,894,保守中继预留,J01,J02512
R01,8,14,893,904,保守中继预留,J01,J02512
R01,8,15,903,909,保守中继预留,J01,J02512
R01,8,16,908,914,保守中继预留,J01,J02512
R01,8,17,913,919,保守中继预留,J01,J02512
R01,8,18,918,923,保守中继预留,J01,J02512
R01,8,19,922,928,保守中继预留,J01,J02512
R01,8,20,927,963,保守中继预留,J01,J02512
R01,8,21,962,968,保守中继预留,J01,J02512
R01,8,22,967,977,保守中继预留,J01,J02512
R01,8,23,976,987,保守中继预留,J01,J02512
R01,8,24,986,992,保守中继预留,J01,J02512
R01,8,25,991,1242,保守中继预留,J01,J02512
R01,8,26,1241,1247,保守中继预留,J01,J02512
R01,8,27,1246,1257,保守中继预留,J01,J02512
R01,8,28,1256,1262,保守中继预留,J01,J02512
R01,8,29,1261,1267,保守中继预留,J01,J02512
R01,8,30,1266,1296,保守中继预留,J01,J02512
R01,8,31,1295,1301,保守中继预留,J01,J02512
R01,8,32,1300,1305,保守中继预留,J01,J02512
R01,8,33,1304,1310,保守中继预留,J01,J02512
R01,8,34,1309,1315,保守中继预留,J01,J02512
R01,8,35,1314,1325,保守中继预留,J01,J02512
R01,8,36,1324,1330,保守中继预留,J01,J02512
R01,8,37,1329,1335,保守中继预留,J01,J02512
R01,8,38,1334,1340,保守中继预留,J01,J02512
R01,8,39,1339,1345,保守中继预留,J01,J02512
R01,8,40,1344,1350,保守中继预留,J01,J02512
R01,8,41,1349,1355,保守中继预留,J01,J02512
R01,8,42,1354,1360,保守中继预留,J01,J02512
R01,8,43,1359,1370,保守中继预留,J01,J02512
R01,8,44,1369,1374,保守中继预留,J01,J02512
R01,8,45,1373,1379,保守中继预留,J01,J02512
R01,8,46,1378,1389,保守中继预留,J01,J02512
R01,8,47,1388,1394,保守中继预留,J01,J02512
R01,8,48,1393,1409,保守中继预留,J01,J02512
R01,8,49,1408,1419,保守中继预留,J01,J02512
R07,61,0,812,828,保守中继预留,J01,J02512
R07,61,1,827,838,保守中继预留,J01,J02512
R07,61,2,837,843,保守中继预留,J01,J02512
R07,61,3,842,863,保守中继预留,J01,J02512
R07,61,4,862,877,保守中继预留,J01,J02512
R07,61,5,876,882,保守中继预留,J01,J02512
R07,61,6,881,887,保守中继预留,J01,J02512
R07,61,7,886,892,保守中继预留,J01,J02512
R07,61,8,891,897,保守中继预留,J01,J02512
R07,61,9,896,901,保守中继预留,J01,J02512
R07,61,10,900,906,保守中继预留,J01,J02512
R07,61,11,905,910,保守中继预留,J01,J02512
R07,61,12,909,915,保守中继预留,J01,J02512
R07,61,13,914,1134,保守中继预留,J01,J02512
R07,61,14,1133,1138,保守中继预留,J01,J02512
R07,61,15,1137,1143,保守中继预留,J01,J02512
R07,61,16,1142,1147,保守中继预留,J01,J02512
R07,61,17,1146,1152,保守中继预留,J01,J02512
R07,61,18,1151,1156,保守中继预留,J01,J02512
R07,61,19,1155,1161,保守中继预留,J01,J02512
R07,61,20,1160,1166,保守中继预留,J01,J02512
R07,61,21,1165,1181,保守中继预留,J01,J02512
R07,61,22,1180,1201,保守中继预留,J01,J02512
R07,61,23,1200,1206,保守中继预留,J01,J02512
R07,61,24,1205,1216,保守中继预留,J01,J02512
R07,61,25,1215,1231,保守中继预留,J01,J02512
R08,1,0,843,854,保守中继预留,J01,J02512
R08,1,1,853,1236,保守中继预留,J01,J02512
R08,1,2,1235,1246,保守中继预留,J01,J02512
R09,7,0,1952,1973,保守中继预留,J03,J02493
R09,7,1,1972,1978,保守中继预留,J03,J02493
R09,7,2,1977,2003,保守中继预留,J03,J02493
R09,7,3,2002,2008,保守中继预留,J03,J02493
R09,7,4,2007,2082,保守中继预留,J03,J02493
R09,7,5,2081,2087,保守中继预留,J03,J02493
R09,7,6,2086,2092,保守中继预留,J03,J02493
R09,7,7,2091,2102,保守中继预留,J03,J02493
R09,7,8,2101,2107,保守中继预留,J03,J02493
R09,7,9,2106,2112,保守中继预留,J03,J02493
R09,7,10,2111,2117,保守中继预留,J03,J02493
R09,7,11,2116,2122,保守中继预留,J03,J02493
R09,7,12,2121,2127,保守中继预留,J03,J02493
R09,7,13,2126,2132,保守中继预留,J03,J02493
R09,7,14,2131,2137,保守中继预留,J03,J02493
R09,7,15,2136,2142,保守中继预留,J03,J02493
R09,7,16,2141,2147,保守中继预留,J03,J02493
R09,7,17,2146,2152,保守中继预留,J03,J02493
R09,7,18,2151,2157,保守中继预留,J03,J02493
R09,7,19,2156,2167,保守中继预留,J03,J02493
R09,7,20,2166,2172,保守中继预留,J03,J02493
R09,7,21,2171,2177,保守中继预留,J03,J02493
R09,7,22,2176,2182,保守中继预留,J03,J02493
R09,7,23,2181,2187,保守中继预留,J03,J02493
R09,7,24,2186,2197,保守中继预留,J03,J02493
R09,7,25,2196,2201,保守中继预留,J03,J02493
R09,7,26,2200,2206,保守中继预留,J03,J02493
R09,7,27,2205,2211,保守中继预留,J03,J02493
R09,7,28,2210,2216,保守中继预留,J03,J02493
R09,7,29,2215,2221,保守中继预留,J03,J02493
R09,7,30,2220,2496,保守中继预留,J03,J02493
R09,7,31,2495,2501,保守中继预留,J03,J02493
R09,7,32,2500,2506,保守中继预留,J03,J02493
R09,7,33,2505,2511,保守中继预留,J03,J02493
R09,7,34,2510,2516,保守中继预留,J03,J02493
R09,7,35,2515,2526,保守中继预留,J03,J02493
R09,7,36,2525,2531,保守中继预留,J03,J02493
R09,7,37,2530,2536,保守中继预留,J03,J02493
R09,7,38,2535,2541,保守中继预留,J03,J02493
R09,7,39,2540,2546,保守中继预留,J03,J02493
R09,7,40,2545,2556,保守中继预留,J03,J02493
R09,7,41,2555,2561,保守中继预留,J03,J02493
R09,7,42,2560,2566,保守中继预留,J03,J02493
R09,7,43,2565,2571,保守中继预留,J03,J02493
R09,7,44,2570,2576,保守中继预留,J03,J02493
R09,7,45,2575,2581,保守中继预留,J03,J02493
R09,7,46,2580,2586,保守中继预留,J03,J02493
R09,7,47,2585,2591,保守中继预留,J03,J02493
R09,7,48,2590,2596,保守中继预留,J03,J02493
R09,7,49,2595,2601,保守中继预留,J03,J02493
R09,7,50,2600,2606,保守中继预留,J03,J02493
R09,7,51,2605,2611,保守中继预留,J03,J02493
R09,7,52,2610,2621,保守中继预留,J03,J02493
R09,7,53,2620,2626,保守中继预留,J03,J02493
R09,7,54,2625,2631,保守中继预留,J03,J02493
R09,7,55,2630,2705,保守中继预留,J03,J02493
R09,7,56,2704,2710,保守中继预留,J03,J02493
R09,7,57,2709,2735,保守中继预留,J03,J02493
R09,7,58,2734,2740,保守中继预留,J03,J02493
R09,7,59,2739,2760,保守中继预留,J03,J02493
R10,83,0,2085,2091,保守中继预留,J03,J02493
R10,83,1,2090,2111,保守中继预留,J03,J02493
R10,83,2,2110,2185,保守中继预留,J03,J02493
R10,83,3,2184,2210,保守中继预留,J03,J02493
R10,83,4,2209,2215,保守中继预留,J03,J02493
R10,83,5,2214,2240,保守中继预留,J03,J02493
R10,83,6,2239,2244,保守中继预留,J03,J02493
R10,83,7,2243,2249,保守中继预留,J03,J02493
R10,83,8,2248,2254,保守中继预留,J03,J02493
R10,83,9,2253,2444,保守中继预留,J03,J02493
R10,83,10,2443,2449,保守中继预留,J03,J02493
R10,83,11,2448,2459,保守中继预留,J03,J02493
R10,83,12,2458,2537,保守中继预留,J03,J02493
R10,83,13,2536,2606,保守中继预留,J03,J02493
R10,83,14,2605,2646,保守中继预留,J03,J02493
R10,83,15,2645,2651,保守中继预留,J03,J02493
R10,83,16,2650,2671,保守中继预留,J03,J02493
R10,83,17,2670,2705,保守中继预留,J03,J02493
R10,83,18,2704,2720,保守中继预留,J03,J02493
R10,83,19,2719,2982,保守中继预留,J03,J02493
R10,83,20,2981,3067,保守中继预留,J03,J02493
R10,83,21,3066,3077,保守中继预留,J03,J02493
R10,83,22,3076,3092,保守中继预留,J03,J02493
R10,83,23,3091,3131,保守中继预留,J03,J02493
R10,83,24,3130,3135,保守中继预留,J03,J02493
R10,83,25,3134,3140,保守中继预留,J03,J02493
R10,83,26,3139,3145,保守中继预留,J03,J02493
R10,83,27,3144,3150,保守中继预留,J03,J02493
R10,83,28,3149,3155,保守中继预留,J03,J02493
R10,83,29,3154,3159,保守中继预留,J03,J02493
R10,83,30,3158,3349,保守中继预留,J03,J02493
R10,83,31,3348,3353,保守中继预留,J03,J02493
R10,83,32,3352,3358,保守中继预留,J03,J02493
R10,83,33,3357,3362,保守中继预留,J03,J02493
R10,83,34,3361,3367,保守中继预留,J03,J02493
R10,83,35,3366,3371,保守中继预留,J03,J02493
R10,83,36,3370,3376,保守中继预留,J03,J02493
R10,83,37,3375,3381,保守中继预留,J03,J02493
R10,83,38,3380,3396,保守中继预留,J03,J02493
R10,83,39,3395,3416,保守中继预留,J03,J02493
R10,83,40,3415,3421,保守中继预留,J03,J02493
R10,83,41,3420,3431,保守中继预留,J03,J02493
R10,83,42,3430,3446,保守中继预留,J03,J02493
R11,17,0,2365,2386,保守中继预留,J03,J02493
R11,17,1,2385,2445,保守中继预留,J03,J02493
R11,17,2,2444,2465,保守中继预留,J03,J02493
R11,17,3,2464,2470,保守中继预留,J03,J02493
R11,17,4,2469,2489,保守中继预留,J03,J02493
R11,17,5,2488,2498,保守中继预留,J03,J02493
R11,17,6,2497,2502,保守中继预留,J03,J02493
R11,17,7,2501,2511,保守中继预留,J03,J02493
R11,17,8,2510,2772,保守中继预留,J03,J02493
R11,17,9,2771,2777,保守中继预留,J03,J02493
R11,17,10,2776,2782,保守中继预留,J03,J02493
R11,17,11,2781,2787,保守中继预留,J03,J02493
R11,17,12,2786,2821,保守中继预留,J03,J02493
R11,17,13,2820,2841,保守中继预留,J03,J02493
R11,17,14,2840,2851,保守中继预留,J03,J02493
R11,17,15,2850,2856,保守中继预留,J03,J02493
R11,17,16,2855,2861,保守中继预留,J03,J02493
R11,17,17,2860,2866,保守中继预留,J03,J02493
R11,17,18,2865,2871,保守中继预留,J03,J02493
R11,17,19,2870,2876,保守中继预留,J03,J02493
R11,17,20,2875,2886,保守中继预留,J03,J02493
R11,17,21,2885,2891,保守中继预留,J03,J02493
R11,17,22,2890,2896,保守中继预留,J03,J02493
R11,17,23,2895,2906,保守中继预留,J03,J02493
R11,17,24,2905,2911,保守中继预留,J03,J02493
R11,17,25,2910,2945,保守中继预留,J03,J02493
R11,17,26,2944,2950,保守中继预留,J03,J02493
R11,17,27,2949,2955,保守中继预留,J03,J02493
R11,17,28,2954,2960,保守中继预留,J03,J02493
R11,17,29,2959,2965,保守中继预留,J03,J02493
R11,17,30,2964,2969,保守中继预留,J03,J02493
R11,17,31,2968,3375,保守中继预留,J03,J02493
R11,17,32,3374,3380,保守中继预留,J03,J02493
R11,17,33,3379,3385,保守中继预留,J03,J02493
R11,17,34,3384,3390,保守中继预留,J03,J02493
R11,17,35,3389,3395,保守中继预留,J03,J02493
R11,17,36,3394,3415,保守中继预留,J03,J02493
R11,17,37,3414,3420,保守中继预留,J03,J02493
R11,17,38,3419,3430,保守中继预留,J03,J02493
R11,17,39,3429,3440,保守中继预留,J03,J02493
R11,17,40,3439,3450,保守中继预留,J04,J00589
R11,17,41,3449,3455,保守中继预留,J04,J00589
R11,17,42,3454,3460,保守中继预留,J04,J00589
R11,17,43,3459,3465,保守中继预留,J04,J00589
R11,17,44,3464,3470,保守中继预留,J04,J00589
R11,17,45,3469,3475,保守中继预留,J04,J00589
R11,17,46,3474,3490,保守中继预留,J04,J00589
R11,17,47,3489,3495,保守中继预留,J04,J00589
R11,17,48,3494,3510,保守中继预留,J04,J00589
R11,17,49,3509,3640,保守中继预留,J04,J00589
R12,12,0,2664,2710,保守中继预留,J03,J02493
R12,12,1,2709,2715,保守中继预留,J03,J02493
R12,12,2,2714,2730,保守中继预留,J03,J02493
R12,12,3,2729,2735,保守中继预留,J03,J02493
R12,12,4,2734,2740,保守中继预留,J03,J02493
R12,12,5,2739,2755,保守中继预留,J03,J02493
R12,12,6,2754,2765,保守中继预留,J03,J02493
R12,12,7,2764,2785,保守中继预留,J03,J02493
R12,12,8,2784,2795,保守中继预留,J03,J02493
R12,12,9,2794,2800,保守中继预留,J03,J02493
R12,12,10,2799,2809,保守中继预留,J03,J02493
R12,12,11,2808,2833,保守中继预留,J03,J02493
R12,12,12,2832,2848,保守中继预留,J03,J02493
R12,12,13,2847,2853,保守中继预留,J03,J02493
R12,12,14,2852,2857,保守中继预留,J03,J02493
R12,12,15,2856,2862,保守中继预留,J03,J02493
R12,12,16,2861,2867,保守中继预留,J03,J02493
R12,12,17,2866,2872,保守中继预留,J03,J02493
R12,12,18,2871,2876,保守中继预留,J03,J02493
R12,12,19,2875,2881,保守中继预留,J03,J02493
R12,12,20,2880,3287,保守中继预留,J03,J02493
R12,12,21,3286,3292,保守中继预留,J03,J02493
R12,12,22,3291,3297,保守中继预留,J03,J02493
R12,12,23,3296,3302,保守中继预留,J03,J02493
R12,12,24,3301,3307,保守中继预留,J03,J02493
R12,12,25,3306,3312,保守中继预留,J03,J02493
R12,12,26,3311,3327,保守中继预留,J03,J02493
R12,12,27,3326,3346,保守中继预留,J03,J02493
R12,12,28,3345,3351,保守中继预留,J03,J02493
R12,12,29,3350,3356,保守中继预留,J03,J02493
R12,12,30,3355,3366,保守中继预留,J03,J02493
R12,12,31,3365,3386,保守中继预留,J03,J02493
R12,12,32,3385,3396,保守中继预留,J03,J02493
R12,12,33,3395,3411,保守中继预留,J03,J02493
R12,12,34,3410,3416,保守中继预留,J03,J02493
R12,12,35,3415,3421,保守中继预留,J03,J02493
R12,12,36,3420,3436,保守中继预留,J03,J02493
R12,12,37,3435,3441,保守中继预留,J03,J02493
R12,12,38,3440,3486,保守中继预留,J04,J00589
R13,0,0,2508,2668,保守中继预留,J03,J02493
R13,0,1,2667,2688,保守中继预留,J03,J02493
R13,0,2,2687,2693,保守中继预留,J03,J02493
R13,0,3,2692,2713,保守中继预留,J03,J02493
R13,0,4,2712,2718,保守中继预留,J03,J02493
R13,0,5,2717,2723,保守中继预留,J03,J02493
R13,0,6,2722,2728,保守中继预留,J03,J02493
R13,0,7,2727,2733,保守中继预留,J03,J02493
R13,0,8,2732,2743,保守中继预留,J03,J02493
R13,0,9,2742,2753,保守中继预留,J03,J02493
R13,0,10,2752,2763,保守中继预留,J03,J02493
R13,0,11,2762,2768,保守中继预留,J03,J02493
R13,0,12,2767,2778,保守中继预留,J03,J02493
R13,0,13,2777,2783,保守中继预留,J03,J02493
R13,0,14,2782,2788,保守中继预留,J03,J02493
R13,0,15,2787,2807,保守中继预留,J03,J02493
R13,0,16,2806,2812,保守中继预留,J03,J02493
R13,0,17,2811,2817,保守中继预留,J03,J02493
R13,0,18,2816,2822,保守中继预留,J03,J02493
R13,0,19,2821,2827,保守中继预留,J03,J02493
R13,0,20,2826,3047,保守中继预留,J03,J02493
R13,0,21,3046,3052,保守中继预留,J03,J02493
R13,0,22,3051,3057,保守中继预留,J03,J02493
R13,0,23,3056,3062,保守中继预留,J03,J02493
R13,0,24,3061,3081,保守中继预留,J03,J02493
R13,0,25,3080,3086,保守中继预留,J03,J02493
R13,0,26,3085,3091,保守中继预留,J03,J02493
R13,0,27,3090,3101,保守中继预留,J03,J02493
R13,0,28,3100,3106,保守中继预留,J03,J02493
R13,0,29,3105,3116,保守中继预留,J03,J02493
R13,0,30,3115,3126,保守中继预留,J03,J02493
R13,0,31,3125,3136,保守中继预留,J03,J02493
R13,0,32,3135,3141,保守中继预留,J03,J02493
R13,0,33,3140,3146,保守中继预留,J03,J02493
R13,0,34,3145,3151,保守中继预留,J03,J02493
R13,0,35,3150,3156,保守中继预留,J03,J02493
R13,0,36,3155,3176,保守中继预留,J03,J02493
R13,0,37,3175,3181,保守中继预留,J03,J02493
R13,0,38,3180,3201,保守中继预留,J03,J02493
R13,0,39,3200,3360,保守中继预留,J03,J02493
R14,32,0,3279,3329,保守中继预留,J04,J00589
R14,32,1,3328,3339,保守中继预留,J04,J00589
R14,32,2,3338,3343,保守中继预留,J04,J00589
R14,32,3,3342,3348,保守中继预留,J04,J00589
R14,32,4,3347,3353,保守中继预留,J04,J00589
R14,32,5,3352,3357,保守中继预留,J04,J00589
R14,32,6,3356,3362,保守中继预留,J04,J00589
R14,32,7,3361,3367,保守中继预留,J04,J00589
R14,32,8,3366,3371,保守中继预留,J04,J00589
R14,32,9,3370,3376,保守中继预留,J04,J00589
R14,32,10,3375,3381,保守中继预留,J04,J00589
R14,32,11,3380,3385,保守中继预留,J04,J00589
R14,32,12,3384,3605,保守中继预留,J04,J00589
R14,32,13,3604,3610,保守中继预留,J04,J00589
R14,32,14,3609,3614,保守中继预留,J04,J00589
R14,32,15,3613,3619,保守中继预留,J04,J00589
R14,32,16,3618,3623,保守中继预留,J04,J00589
R14,32,17,3622,3628,保守中继预留,J04,J00589
R14,32,18,3627,3633,保守中继预留,J04,J00589
R14,32,19,3632,3637,保守中继预留,J04,J00589
R14,32,20,3636,3642,保守中继预留,J04,J00589
R14,32,21,3641,3646,保守中继预留,J04,J00589
R14,32,22,3645,3651,保守中继预留,J04,J00589
R14,32,23,3650,3701,保守中继预留,J04,J00589
R15,35,0,3279,3329,保守中继预留,J04,J00589
R15,35,1,3328,3339,保守中继预留,J04,J00589
R15,35,2,3338,3343,保守中继预留,J04,J00589
R15,35,3,3342,3348,保守中继预留,J04,J00589
R15,35,4,3347,3353,保守中继预留,J04,J00589
R15,35,5,3352,3357,保守中继预留,J04,J00589
R15,35,6,3356,3362,保守中继预留,J04,J00589
R15,35,7,3361,3367,保守中继预留,J04,J00589
R15,35,8,3366,3371,保守中继预留,J04,J00589
R15,35,9,3370,3376,保守中继预留,J04,J00589
R15,35,10,3375,3381,保守中继预留,J04,J00589
R15,35,11,3380,3385,保守中继预留,J04,J00589
R15,35,12,3384,3605,保守中继预留,J04,J00589
R15,35,13,3604,3610,保守中继预留,J04,J00589
R15,35,14,3609,3614,保守中继预留,J04,J00589
R15,35,15,3613,3619,保守中继预留,J04,J00589
R15,35,16,3618,3623,保守中继预留,J04,J00589
R15,35,17,3622,3628,保守中继预留,J04,J00589
R15,35,18,3627,3633,保守中继预留,J04,J00589
R15,35,19,3632,3637,保守中继预留,J04,J00589
R15,35,20,3636,3642,保守中继预留,J04,J00589
R15,35,21,3641,3646,保守中继预留,J04,J00589
R15,35,22,3645,3651,保守中继预留,J04,J00589
R15,35,23,3650,3701,保守中继预留,J04,J00589
R16,52,0,3279,3350,保守中继预留,J04,J00589
R16,52,1,3349,3365,保守中继预留,J04,J00589
R16,52,2,3364,3375,保守中继预留,J04,J00589
R16,52,3,3374,3380,保守中继预留,J04,J00589
R16,52,4,3379,3410,保守中继预留,J04,J00589
R16,52,5,3409,3425,保守中继预留,J04,J00589
R16,52,6,3424,3430,保守中继预留,J04,J00589
R16,52,7,3429,3435,保守中继预留,J04,J00589
R16,52,8,3434,3445,保守中继预留,J04,J00589
R16,52,9,3444,3455,保守中继预留,J04,J00589
R16,52,10,3454,3460,保守中继预留,J04,J00589
R16,52,11,3459,3465,保守中继预留,J04,J00589
R16,52,12,3464,3470,保守中继预留,J04,J00589
R16,52,13,3469,3485,保守中继预留,J04,J00589
R16,52,14,3484,3490,保守中继预留,J04,J00589
R16,52,15,3489,3495,保守中继预留,J04,J00589
R16,52,16,3494,3505,保守中继预留,J04,J00589
R16,52,17,3504,3525,保守中继预留,J04,J00589
R16,52,18,3524,3530,保守中继预留,J04,J00589
R16,52,19,3529,3535,保守中继预留,J04,J00589
R16,52,20,3534,3540,保守中继预留,J04,J00589
R16,52,21,3539,3545,保守中继预留,J04,J00589
R16,52,22,3544,3550,保守中继预留,J04,J00589
R16,52,23,3549,3555,保守中继预留,J04,J00589
R16,52,24,3554,3560,保守中继预留,J04,J00589
R16,52,25,3559,3565,保守中继预留,J04,J00589
R16,52,26,3564,3570,保守中继预留,J04,J00589
R16,52,27,3569,3575,保守中继预留,J04,J00589
R16,52,28,3574,3580,保守中继预留,J04,J00589
R16,52,29,3579,3839,保守中继预留,J04,J00589
R16,52,30,3838,3844,保守中继预留,J04,J00589
R16,52,31,3843,3848,保守中继预留,J04,J00589
R16,52,32,3847,3853,保守中继预留,J04,J00589
R16,52,33,3852,3858,保守中继预留,J04,J00589
R16,52,34,3857,3862,保守中继预留,J04,J00589
R16,52,35,3861,3867,保守中继预留,J04,J00589
R16,52,36,3866,3872,保守中继预留,J04,J00589
R16,52,37,3871,3877,保守中继预留,J04,J00589
R16,52,38,3876,3881,保守中继预留,J04,J00589
R16,52,39,3880,3900,保守中继预留,J04,J00589
R16,52,40,3899,3910,保守中继预留,J04,J00589
R16,52,41,3909,3915,保守中继预留,J04,J00589
R16,52,42,3914,3920,保守中继预留,J04,J00589
R16,52,43,3919,3935,保守中继预留,J04,J00589
R16,52,44,3934,3940,保守中继预留,J04,J00589
R16,52,45,3939,3945,保守中继预留,J04,J00589
R16,52,46,3944,3950,保守中继预留,J04,J00589
R16,52,47,3949,3960,保守中继预留,J04,J00589
R16,52,48,3959,3970,保守中继预留,J04,J00589
R16,52,49,3969,3975,保守中继预留,J04,J00589
R16,52,50,3974,3980,保守中继预留,J04,J00589
R16,52,51,3979,3995,保守中继预留,J04,J00589
R16,52,52,3994,4025,保守中继预留,J04,J00589
R16,52,53,4024,4030,保守中继预留,J04,J00589
R16,52,54,4029,4040,保守中继预留,J04,J00589
R16,52,55,4039,4055,保守中继预留,J04,J00589
R16,52,56,4054,4125,保守中继预留,J04,J00589
R17,9,0,3935,4001,保守中继预留,J04,J00589
R17,9,1,4000,4010,保守中继预留,J04,J00589
R17,9,2,4009,4015,保守中继预留,J04,J00589
R17,9,3,4014,4020,保守中继预留,J04,J00589
R17,9,4,4019,4025,保守中继预留,J04,J00589
R17,9,5,4024,4035,保守中继预留,J04,J00589
R17,9,6,4034,4040,保守中继预留,J04,J00589
R17,9,7,4039,4045,保守中继预留,J04,J00589
R17,9,8,4044,4050,保守中继预留,J04,J00589
R17,9,9,4049,4055,保守中继预留,J04,J00589
R17,9,10,4054,4060,保守中继预留,J04,J00589
R17,9,11,4059,4070,保守中继预留,J04,J00589
R17,9,12,4069,4075,保守中继预留,J04,J00589
R17,9,13,4074,4079,保守中继预留,J04,J00589
R17,9,14,4078,4084,保守中继预留,J04,J00589
R17,9,15,4083,4088,保守中继预留,J04,J00589
R17,9,16,4087,4093,保守中继预留,J04,J00589
R17,9,17,4092,4097,保守中继预留,J04,J00589
R17,9,18,4096,4107,保守中继预留,J04,J00589
R17,9,19,4106,4366,保守中继预留,J04,J00589
R17,9,20,4365,4371,保守中继预留,J04,J00589
R17,9,21,4370,4376,保守中继预留,J04,J00589
R17,9,22,4375,4381,保守中继预留,J04,J00589
R17,9,23,4380,4386,保守中继预留,J04,J00589
R17,9,24,4385,4391,保守中继预留,J04,J00589
R17,9,25,4390,4395,保守中继预留,J04,J00589
R17,9,26,4394,4405,保守中继预留,J04,J00589
R17,9,27,4404,4410,保守中继预留,J04,J00589
R17,9,28,4409,4415,保守中继预留,J04,J00589
R17,9,29,4414,4420,保守中继预留,J04,J00589
R17,9,30,4419,4425,保守中继预留,J04,J00589
R17,9,31,4424,4430,保守中继预留,J04,J00589
R17,9,32,4429,4440,保守中继预留,J04,J00589
R17,9,33,4439,4445,保守中继预留,J04,J00589
R17,9,34,4444,4450,保守中继预留,J04,J00589
R17,9,35,4449,4455,保守中继预留,J04,J00589
R17,9,36,4454,4465,保守中继预留,J04,J00589
R17,9,37,4464,4529,保守中继预留,J04,J00589
R19,60,0,4879,4924,保守中继预留,J04,J00589
R19,60,1,4923,4929,保守中继预留,J04,J00589
R19,60,2,4928,4934,保守中继预留,J04,J00589
R19,60,3,4933,4939,保守中继预留,J04,J00589
R19,60,4,4938,4943,保守中继预留,J04,J00589
R19,60,5,4942,4948,保守中继预留,J04,J00589
R19,60,6,4947,4953,保守中继预留,J04,J00589
R19,60,7,4952,4957,保守中继预留,J04,J00589
R19,60,8,4956,4962,保守中继预留,J04,J00589
R19,60,9,4961,4972,保守中继预留,J04,J00589
R19,60,10,4971,4976,保守中继预留,J04,J00589
R19,60,11,4975,4981,保守中继预留,J04,J00589
R19,60,12,4980,4986,保守中继预留,J04,J00589
R19,60,13,4985,4991,保守中继预留,J04,J00589
R19,60,14,4990,5216,保守中继预留,J04,J00589
R19,60,15,5215,5221,保守中继预留,J04,J00589
R19,60,16,5220,5226,保守中继预留,J04,J00589
R19,60,17,5225,5230,保守中继预留,J04,J00589
R19,60,18,5229,5235,保守中继预留,J04,J00589
R19,60,19,5234,5240,保守中继预留,J04,J00589
R19,60,20,5239,5304,保守中继预留,J04,J00589
R19,60,21,5303,5309,保守中继预留,J04,J00589
R19,60,22,5308,5328,保守中继预留,J05,J01098
R19,60,23,5327,5333,保守中继预留,J04,J00589
R19,60,24,5332,5338,保守中继预留,J04,J00589
R19,60,25,5337,5348,保守中继预留,J04,J00589
R19,60,26,5347,5353,保守中继预留,J04,J00589
R19,60,27,5352,5358,保守中继预留,J05,J01098
R19,60,28,5357,5363,保守中继预留,J05,J01098
R19,60,29,5362,5368,保守中继预留,J05,J01098
R19,60,30,5367,5373,保守中继预留,J05,J01098
R19,60,31,5372,5378,保守中继预留,J05,J01098
R19,60,32,5377,5382,保守中继预留,J05,J01098
R19,60,33,5381,5387,保守中继预留,J04,J00589
R19,60,34,5386,5392,保守中继预留,J04,J00589
R19,60,35,5391,5402,保守中继预留,J04,J00589
R19,60,36,5401,5407,保守中继预留,J04,J00589
R19,60,37,5406,5412,保守中继预留,J04,J00589
R19,60,38,5411,5422,保守中继预留,J04,J00589
R19,60,39,5421,5426,保守中继预留,J04,J00589
R19,60,40,5425,5435,保守中继预留,J04,J00589
R19,60,41,5434,5440,保守中继预留,J04,J00589
R19,60,42,5439,5444,保守中继预留,J04,J00589
R19,60,43,5443,5449,保守中继预留,J04,J00589
R19,60,44,5448,5832,保守中继预留,J04,J00589
R19,60,45,5831,5837,保守中继预留,J04,J00589
R19,60,46,5836,5842,保守中继预留,J04,J00589
R19,60,47,5841,5847,保守中继预留,J04,J00589
R19,60,48,5846,5852,保守中继预留,J04,J00589
R19,60,49,5851,5857,保守中继预留,J04,J00589
R19,60,50,5856,5862,保守中继预留,J04,J00589
R19,60,51,5861,5867,保守中继预留,J04,J00589
R19,60,52,5866,5872,保守中继预留,J04,J00589
R19,60,53,5871,5877,保守中继预留,J04,J00589
R19,60,54,5876,5882,保守中继预留,J04,J00589
R19,60,55,5881,5887,保守中继预留,J04,J00589
R19,60,56,5886,5907,保守中继预留,J04,J00589
R19,60,57,5906,5917,保守中继预留,J04,J00589
R19,60,58,5916,5922,保守中继预留,J04,J00589
R19,60,59,5921,5927,保守中继预留,J04,J00589
R19,60,60,5926,5942,保守中继预留,J04,J00589
R19,60,61,5941,5947,保守中继预留,J04,J00589
R19,60,62,5946,5952,保守中继预留,J04,J00589
R19,60,63,5951,5957,保守中继预留,J04,J00589
R19,60,64,5956,5967,保守中继预留,J04,J00589
R19,60,65,5966,5977,保守中继预留,J04,J00589
R19,60,66,5976,5982,保守中继预留,J04,J00589
R19,60,67,5981,5987,保守中继预留,J04,J00589
R19,60,68,5986,6002,保守中继预留,J04,J00589
R19,60,69,6001,6032,保守中继预留,J04,J00589
R19,60,70,6031,6037,保守中继预留,J04,J00589
R19,60,71,6036,6047,保守中继预留,J04,J00589
R19,60,72,6046,6062,保守中继预留,J04,J00589
R19,60,73,6061,6132,保守中继预留,J04,J00589
R20,45,0,4852,4908,保守中继预留,J04,J00589
R20,45,1,4907,4913,保守中继预留,J04,J00589
R20,45,2,4912,4957,保守中继预留,J04,J00589
R20,45,3,4956,4972,保守中继预留,J04,J00589
R20,45,4,4971,4977,保守中继预留,J04,J00589
R20,45,5,4976,4982,保守中继预留,J04,J00589
R20,45,6,4981,4987,保守中继预留,J04,J00589
R20,45,7,4986,4992,保守中继预留,J04,J00589
R20,45,8,4991,4997,保守中继预留,J04,J00589
R20,45,9,4996,5002,保守中继预留,J04,J00589
R20,45,10,5001,5408,保守中继预留,J04,J00589
R20,45,11,5407,5413,保守中继预留,J04,J00589
R20,45,12,5412,5418,保守中继预留,J04,J00589
R20,45,13,5417,5423,保守中继预留,J04,J00589
R20,45,14,5422,5428,保守中继预留,J04,J00589
R20,45,15,5427,5433,保守中继预留,J04,J00589
R20,45,16,5432,5443,保守中继预留,J04,J00589
R20,45,17,5442,5483,保守中继预留,J04,J00589
R20,45,18,5531,5562,保守中继预留,J04,J00589
R21,5,0,5730,5746,保守中继预留,J04,J00589
R21,5,1,5745,5816,保守中继预留,J04,J00589
R21,5,2,5815,5826,保守中继预留,J04,J00589
R21,5,3,5825,5831,保守中继预留,J04,J00589
R21,5,4,5830,5836,保守中继预留,J04,J00589
R21,5,5,5835,5841,保守中继预留,J04,J00589
R21,5,6,5840,5851,保守中继预留,J04,J00589
R21,5,7,5850,5856,保守中继预留,J04,J00589
R21,5,8,5855,5866,保守中继预留,J04,J00589
R21,5,9,5865,5885,保守中继预留,J04,J00589
R21,5,10,5884,5900,保守中继预留,J04,J00589
R21,5,11,5899,5905,保守中继预留,J04,J00589
R21,5,12,5904,5910,保守中继预留,J04,J00589
R21,5,13,5909,5915,保守中继预留,J04,J00589
R21,5,14,5914,5920,保守中继预留,J04,J00589
R21,5,15,5919,5930,保守中继预留,J04,J00589
R21,5,16,5929,5935,保守中继预留,J04,J00589
R21,5,17,5934,5940,保守中继预留,J04,J00589
R21,5,18,5939,5959,保守中继预留,J04,J00589
R21,5,19,5958,5964,保守中继预留,J04,J00589
R21,5,20,5963,5968,保守中继预留,J04,J00589
R21,5,21,5967,5973,保守中继预留,J04,J00589
R21,5,22,5972,6237,保守中继预留,J04,J00589
R21,5,23,6236,6242,保守中继预留,J04,J00589
R21,5,24,6241,6247,保守中继预留,J04,J00589
R21,5,25,6246,6267,保守中继预留,J04,J00589
R21,5,26,6266,6272,保守中继预留,J04,J00589
R21,5,27,6271,6277,保守中继预留,J04,J00589
R21,5,28,6276,6287,保守中继预留,J04,J00589
R21,5,29,6286,6292,保守中继预留,J04,J00589
R21,5,30,6291,6297,保守中继预留,J04,J00589
R21,5,31,6296,6302,保守中继预留,J04,J00589
R21,5,32,6301,6307,保守中继预留,J04,J00589
R21,5,33,6306,6322,保守中继预留,J04,J00589
R21,5,34,6321,6342,保守中继预留,J04,J00589
R21,5,35,6341,6352,保守中继预留,J04,J00589
R21,5,36,6351,6357,保守中继预留,J04,J00589
R21,5,37,6356,6367,保守中继预留,J04,J00589
R21,5,38,6366,6372,保守中继预留,J04,J00589
R21,5,39,6371,6377,保守中继预留,J04,J00589
R21,5,40,6376,6382,保守中继预留,J04,J00589
R21,5,41,6381,6392,保守中继预留,J06,J01347
R21,5,42,6391,6461,保守中继预留,J06,J01347
R21,5,43,6460,6476,保守中继预留,J06,J01347
R22,4,0,5760,5776,保守中继预留,J04,J00589
R22,4,1,5775,5846,保守中继预留,J04,J00589
R22,4,2,5845,5856,保守中继预留,J04,J00589
R22,4,3,5855,5861,保守中继预留,J04,J00589
R22,4,4,5860,5866,保守中继预留,J04,J00589
R22,4,5,5865,5871,保守中继预留,J04,J00589
R22,4,6,5870,5881,保守中继预留,J04,J00589
R22,4,7,5880,5886,保守中继预留,J04,J00589
R22,4,8,5885,5896,保守中继预留,J04,J00589
R22,4,9,5895,5915,保守中继预留,J04,J00589
R22,4,10,5914,5930,保守中继预留,J04,J00589
R22,4,11,5929,5935,保守中继预留,J04,J00589
R22,4,12,5934,5940,保守中继预留,J04,J00589
R22,4,13,5939,5945,保守中继预留,J04,J00589
R22,4,14,5944,5950,保守中继预留,J04,J00589
R22,4,15,5949,5960,保守中继预留,J04,J00589
R22,4,16,5959,5965,保守中继预留,J04,J00589
R22,4,17,5964,5970,保守中继预留,J04,J00589
R22,4,18,5969,5989,保守中继预留,J04,J00589
R22,4,19,5988,5994,保守中继预留,J04,J00589
R22,4,20,5993,5998,保守中继预留,J04,J00589
R22,4,21,5997,6003,保守中继预留,J04,J00589
R22,4,22,6002,6237,保守中继预留,J04,J00589
R22,4,23,6236,6242,保守中继预留,J04,J00589
R22,4,24,6241,6247,保守中继预留,J04,J00589
R22,4,25,6246,6267,保守中继预留,J04,J00589
R22,4,26,6266,6272,保守中继预留,J04,J00589
R22,4,27,6271,6277,保守中继预留,J04,J00589
R22,4,28,6276,6287,保守中继预留,J04,J00589
R22,4,29,6286,6292,保守中继预留,J04,J00589
R22,4,30,6291,6297,保守中继预留,J04,J00589
R22,4,31,6296,6302,保守中继预留,J04,J00589
R22,4,32,6301,6307,保守中继预留,J04,J00589
R22,4,33,6306,6322,保守中继预留,J04,J00589
R22,4,34,6321,6342,保守中继预留,J04,J00589
R22,4,35,6341,6352,保守中继预留,J04,J00589
R22,4,36,6351,6357,保守中继预留,J04,J00589
R22,4,37,6356,6367,保守中继预留,J04,J00589
R22,4,38,6366,6372,保守中继预留,J04,J00589
R22,4,39,6371,6377,保守中继预留,J04,J00589
R22,4,40,6376,6382,保守中继预留,J04,J00589
R22,4,41,6381,6392,保守中继预留,J06,J01347
R22,4,42,6391,6461,保守中继预留,J06,J01347
R22,4,43,6460,6476,保守中继预留,J06,J01347
