图中自上而下排序,架次编号,机型,无人机,电池,访问顺序,货箱编号,开始秒,返回秒,电池充满秒,质量kg,体积m3,能耗kWh,返航SOC%,机型额定载质量kg,机型额定体积m3,机型含电池空载质量kg,机型可用电池能量kWh,机型爬升效率,机型返航SOC下限%,机型巡航速度m每秒,质量利用率%,体积利用率%,爬升附加能耗kWh,水平飞行能耗kWh,返航SOC余量百分点
1,R14,C,U08,C-B04,O01→S011→S008→O01,"S011-MED-01,S011-WAT-01,S011-FOD-01,S008-MED-01,S008-WAT-01,S008-WAT-02,S008-FOD-01,S008-HYG-01",2037,4726,7280,70.0,0.196,6.351573021152241,20.605337235596988,80,0.25,69.9,8.0,0.72,20,15,87.5,78.4,0.19981372180143409,6.151759299350807,0.6053372355969877
2,R15,C,U07,C-B01,O01→S004→O01,"S004-MED-01,S004-WAT-01,S004-WAT-02,S004-WAT-03,S004-FOD-01,S004-HYG-01",3151,5457,7958,59.0,0.156,6.154566841621964,23.06791447972545,80,0.25,69.9,8.0,0.72,20,15,73.75,62.4,0.17854989105458127,5.976016950567383,3.0679144797254487
3,R18,C,U08,C-B02,O01→S007→S003→O01,"S007-HYG-01,S003-WAT-02,S003-WAT-03,S003-WAT-04,S003-FOD-02,S003-HYG-01",4726,7341,9785,62.0,0.179,5.944388592179621,25.69514259775474,80,0.25,69.9,8.0,0.72,20,15,77.5,71.6,0.27518219258881577,5.669206399590805,5.695142597754739
4,R06,C,U08,C-B02,O01→S002→O01,"S002-WAT-02,S002-WAT-03,S002-WAT-04,S002-FOD-02,S002-HYG-01",0,2037,4420,56.0,0.144,5.7190740163491895,28.51157479563513,80,0.25,69.9,8.0,0.72,20,15,70.0,57.599999999999994,0.10788375673825137,5.611190259610938,8.51157479563513
5,R17,B,U06,B-B01,O01→S003→O01,"S003-MED-01,S003-WAT-01,S003-FOD-01",3786,5851,7720,25.0,0.067,2.77329204524626,30.66769886884349,30,0.073,65.0,4.0,0.72,20,15,83.33333333333333,91.78082191780823,0.19612299136879296,2.5771690538774674,10.667698868843491
6,R04,B,U05,B-B01,O01→S012→O01,"S012-MED-01,S012-WAT-01,S012-FOD-01",0,1926,3786,25.0,0.067,2.752947602626505,31.17630993433737,30,0.073,65.0,4.0,0.72,20,15,83.33333333333333,91.78082191780823,0.1306737352321442,2.6222738673943606,11.176309934337372
7,R09,B,U06,B-B03,O01→S002→O01,"S002-MED-01,S002-WAT-01,S002-FOD-01",1214,3028,4870,25.0,0.067,2.7117215957844545,32.20696010538864,30,0.073,65.0,4.0,0.72,20,15,83.33333333333333,91.78082191780823,0.08204638081163712,2.6296752149728175,12.206960105388639
8,R16,B,U05,B-B02,O01→S015→O01,"S015-MED-01,S015-WAT-01,S015-FOD-01",3785,5622,7290,25.0,0.067,2.3102237213281125,42.24440696679719,30,0.073,65.0,4.0,0.72,20,15,83.33333333333333,91.78082191780823,0.1779467067693769,2.1322770145587358,22.244406966797193
9,R13,B,U05,B-B04,O01→S014→O01,"S014-MED-01,S014-WAT-01,S014-FOD-01",1926,3785,5378,25.0,0.067,2.1355334158542574,46.61166460364357,30,0.073,65.0,4.0,0.72,20,15,83.33333333333333,91.78082191780823,0.2125651654968603,1.922968250357397,26.61166460364357
10,R07,A,U04,A-B04,O01→S001→S013→S010→O01,"S001-MED-01,S001-MED-02,S013-MED-01,S010-MED-01",0,2411,3603,12.0,0.048,2.395326131555856,46.77053040986987,25,0.06,70.0,4.5,0.72,20,12,48.0,80.0,0.16064652297569026,2.2346796085801657,26.77053040986987
11,R20,C,U07,C-B03,O01→S005→O01,"S005-MED-01,S005-WAT-01,S005-WAT-02,S005-WAT-03,S005-FOD-01,S005-HYG-01",5677,7549,9526,59.0,0.156,4.219644207411931,47.25444740735087,80,0.25,69.9,8.0,0.72,20,15,73.75,62.4,0.1291306971047868,4.090513510307144,27.254447407350867
12,R19,B,U05,B-B03,O01→S009→O01,"S009-MED-01,S009-WAT-01,S009-FOD-01",5622,7179,8754,25.0,0.067,2.095313216906743,47.61716957733142,30,0.073,65.0,4.0,0.72,20,15,83.33333333333333,91.78082191780823,0.07101615111109091,2.0242970657956523,27.617169577331417
13,R12,A,U03,A-B06,O01→S013→O01,"S013-WAT-01,S013-FOD-01",1649,3256,4341,22.0,0.055,2.0231251053892216,55.04166432468396,25,0.06,70.0,4.5,0.72,20,12,88.0,91.66666666666667,0.10479337682292043,1.9183317285663013,35.04166432468396
14,R03,A,U03,A-B03,O01→S010→O01,"S010-WAT-01,S010-FOD-01",0,1649,2733,22.0,0.055,2.0195751393849584,55.12055245811204,25,0.06,70.0,4.5,0.72,20,12,88.0,91.66666666666667,0.12685906695886093,1.8927160724260974,35.12055245811204
15,R10,A,U01,A-B05,O01→S007→O01,"S007-WAT-01,S007-FOD-01",1314,3025,4093,22.0,0.055,1.963431547775968,56.36818782720072,25,0.06,70.0,4.5,0.72,20,12,88.0,91.66666666666667,0.16959330216928195,1.7938382456066861,36.36818782720072
16,R02,A,U02,A-B02,O01→S007→O01,"S007-MED-01,S007-WAT-02",0,1711,2760,17.0,0.039,1.8980839331131043,57.82035704193101,25,0.06,70.0,4.5,0.72,20,12,68.0,65.0,0.16255410485724422,1.73552982825586,37.82035704193101
17,R11,C,U07,C-B03,O01→S001→O01,"S001-WAT-04,S001-WAT-05,S001-WAT-06,S001-WAT-07,S001-WAT-08,S001-HYG-02",1564,3062,4686,76.0,0.17,2.9188599666983333,63.51425041627083,80,0.25,69.9,8.0,0.72,20,15,95.0,68.0,0.10509329505185767,2.8137666716464755,43.51425041627083
18,R05,C,U07,C-B01,O01→S001→O01,"S001-WAT-01,S001-WAT-02,S001-WAT-03,S001-FOD-01,S001-FOD-02,S001-FOD-03,S001-HYG-01",0,1564,3151,72.0,0.2,2.781906213930016,65.2261723258748,80,0.25,69.9,8.0,0.72,20,15,90.0,80.0,0.10286933784850785,2.679036876081508,45.2261723258748
19,R08,B,U06,B-B02,O01→S006→O01,"S006-WAT-02,S006-WAT-03",6,1214,2442,28.0,0.054,1.2933514195196496,67.66621451200876,30,0.073,65.0,4.0,0.72,20,15,93.33333333333333,73.97260273972604,0.09631178401495356,1.197039635504696,47.666214512008764
20,R01,A,U01,A-B01,O01→S006→O01,"S006-MED-01,S006-WAT-01",0,1314,2193,17.0,0.039,1.3113663277553689,70.8585260498807,25,0.06,70.0,4.5,0.72,20,12,68.0,65.0,0.09187160086135593,1.219494726894013,50.858526049880695
21,R21,B,U06,B-B04,O01→S006→O01,"S006-FOD-01,S006-HYG-01",5851,7059,8188,14.0,0.063,1.0660885992384048,73.34778501903988,30,0.073,65.0,4.0,0.72,20,15,46.666666666666664,86.3013698630137,0.08370079974498795,0.9823877994934169,53.347785019039875
