类别,时刻秒,累计箱数
全部,0.0,0
全部,889.0,2
全部,936.0,4
全部,970.0,6
全部,1102.0,8
全部,1133.0,10
全部,1250.0,17
全部,1273.0,20
全部,1419.0,25
全部,1463.0,26
全部,1864.0,27
全部,2433.0,30
全部,2447.0,32
全部,2730.0,34
全部,2748.0,40
全部,3157.0,43
全部,3163.0,46
全部,4021.9999999999995,51
全部,4737.0,57
全部,5007.0,60
全部,5126.0,63
全部,5949.0,64
全部,6560.0,69
全部,6712.0,72
全部,6734.0,74
全部,7048.0,80
全部,7272.0,80
首批,0.0,0
首批,936.0,2
首批,970.0,3
首批,1102.0,4
首批,1133.0,5
首批,1250.0,6
首批,1273.0,8
首批,1463.0,9
首批,1864.0,10
首批,2433.0,12
首批,2447.0,13
首批,2730.0,14
首批,3157.0,16
首批,3163.0,18
首批,4021.9999999999995,20
首批,4737.0,22
首批,5007.0,24
首批,5126.0,26
首批,6712.0,28
首批,7048.0,30
首批,7272.0,30
医疗,0.0,0
医疗,936.0,1
医疗,970.0,3
医疗,1133.0,4
医疗,1273.0,5
医疗,1463.0,6
医疗,1864.0,7
医疗,2433.0,8
医疗,3157.0,9
医疗,3163.0,10
医疗,4021.9999999999995,11
医疗,4737.0,12
医疗,5007.0,13
医疗,5126.0,14
医疗,6712.0,15
医疗,7048.0,16
医疗,7272.0,16
