货箱编号,服务区,架次编号,送达秒,硬截止秒,期望送达秒,优先系数,归一化加权延误,material_type,mass_kg,volume_m3,first_batch,余量min
S002-WAT-01,S002,R01,1282,3600.0,3600,12,0.0,饮用水,14,0.027,是,38.63333333333333
S013-WAT-01,S013,R02,1081,3600.0,3600,12,0.0,饮用水,14,0.027,是,41.983333333333334
S010-MED-01,S010,R03,1083,3600.0,3600,24,0.0,医疗物资,3,0.012,是,41.95
S010-WAT-01,S010,R03,1083,3600.0,3600,12,0.0,饮用水,14,0.027,是,41.95
S014-MED-01,S014,R04,1237,3600.0,7200,22,0.0,医疗物资,3,0.012,是,39.38333333333333
S014-WAT-01,S014,R04,1237,3600.0,3600,12,0.0,饮用水,14,0.027,是,39.38333333333333
S001-WAT-01,S001,R05,1250,3600.0,3600,12,0.0,饮用水,14,0.027,是,39.166666666666664
S006-MED-01,S006,R06,1210,3600.0,3600,24,0.0,医疗物资,3,0.012,是,39.833333333333336
S006-WAT-01,S006,R06,1210,3600.0,3600,12,0.0,饮用水,14,0.027,是,39.833333333333336
S007-MED-01,S007,R07,1133,3600.0,3600,24,0.0,医疗物资,3,0.012,是,41.11666666666667
S003-MED-01,S003,R07,1627,7200.0,7200,20,0.0,医疗物资,3,0.012,是,92.88333333333334
S001-MED-02,S001,R08,910,3600.0,3600,24,0.0,医疗物资,3,0.012,否,44.833333333333336
S009-WAT-01,S009,R08,1372,10800.0,10800,8,0.0,饮用水,14,0.027,是,157.13333333333333
S013-MED-01,S013,R08,1876,3600.0,3600,24,0.0,医疗物资,3,0.012,是,28.733333333333334
S012-MED-01,S012,R09,2824,3600.0,7200,22,0.0,医疗物资,3,0.012,是,12.933333333333334
S012-WAT-01,S012,R09,2824,3600.0,3600,12,0.0,饮用水,14,0.027,是,12.933333333333334
S001-MED-01,S001,R10,2812,3600.0,3600,24,0.0,医疗物资,3,0.012,是,13.133333333333333
S009-MED-01,S009,R11,2833,10800.0,10800,16,0.0,医疗物资,3,0.012,是,132.78333333333333
S002-MED-01,S002,R11,3436,3600.0,3600,24,0.0,医疗物资,3,0.012,是,2.7333333333333334
S007-WAT-01,S007,R12,2916,3600.0,3600,12,0.0,饮用水,14,0.027,是,11.4
S004-MED-01,S004,R13,4712,7200.0,7200,20,0.0,医疗物资,3,0.012,是,41.46666666666667
S004-WAT-01,S004,R13,4712,7200.0,7200,10,0.0,饮用水,14,0.027,是,41.46666666666667
S008-WAT-01,S008,R14,4651,7200.0,7200,10,0.0,饮用水,14,0.027,是,42.483333333333334
S003-WAT-01,S003,R15,4757,7200.0,7200,10,0.0,饮用水,14,0.027,是,40.71666666666667
S011-MED-01,S011,R16,5204,10800.0,10800,16,0.0,医疗物资,3,0.012,是,93.26666666666667
S011-WAT-01,S011,R16,5204,10800.0,10800,8,0.0,饮用水,14,0.027,是,93.26666666666667
S008-MED-01,S008,R17,6616,7200.0,7200,20,0.0,医疗物资,3,0.012,是,9.733333333333333
S005-MED-01,S005,R18,6803,10800.0,10800,16,0.0,医疗物资,3,0.012,是,66.61666666666666
S005-WAT-01,S005,R18,6803,10800.0,10800,8,0.0,饮用水,14,0.027,是,66.61666666666666
S015-MED-01,S015,R19,6704,7200.0,7200,18,0.0,医疗物资,3,0.012,是,8.266666666666667
S015-WAT-01,S015,R19,6704,10800.0,10800,8,0.0,饮用水,14,0.027,是,68.26666666666667
