方案,源前缀,来源配置,记录来源,加权延误,联合完成秒,运输能耗kWh,中继能耗kWh,总能耗kWh,运输架次,中继架次,合计架次,普通物资迟到箱数,当前完整档案内非支配,观察档案最大遗憾,推荐
方案001,问题三_V3_档案方案001,零延误优先完成,solver_incumbent,0.0,6936,63.54158526319967,2.7452912081196468,66.28687647131932,22,6,28,0,True,1.0,False
方案002,问题三_V3_档案方案002,零延误优先完成,solver_incumbent,0.0,6926,63.54158526319967,2.8126042570715577,66.35418952027123,22,6,28,0,True,1.0,False
方案003,问题三_V3_档案方案003,零延误优先完成,solver_incumbent,0.0,6899,63.54158526319967,2.8444192475609484,66.38600451076061,22,6,28,0,True,1.0,False
方案004,问题三_V3_档案方案004,零延误优先能耗,solver_incumbent,0.0,8007,61.93992366496703,3.0177186811393133,64.95764234610634,19,3,22,0,True,0.5587493696419567,False
方案005,问题三_V3_档案方案005,零延误优先能耗,solver_incumbent,0.0,8882,61.37574499999645,3.4363535655819457,64.8120985655784,20,4,24,0,True,1.0,False
方案006,问题三_V3_档案方案006,零延误优先能耗,solver_incumbent,0.0,7934,61.37566701962296,3.3280184167697726,64.70368543639273,20,5,25,0,True,0.6666666666666666,False
方案007,问题三_V3_档案方案007,零延误优先能耗,solver_incumbent,0.0,7938,61.37566701962296,3.3267961945475504,64.7024632141705,20,5,25,0,True,0.6666666666666666,False
方案008,问题三_V3_档案方案008,零延误较少中继,solver_incumbent,0.0,7612,61.93992366496703,4.014747718218306,65.95467138318534,19,3,22,0,True,0.468299078252441,False
方案009,问题三_V3_档案方案009,零延误较少中继,solver_incumbent,0.0,7552,61.93992366496703,4.085636607107196,66.02556027207423,19,3,22,0,True,0.4859072967566805,False
方案010,问题三_V3_档案方案010,零延误较少中继,solver_incumbent,0.0,7366,61.37566701962296,3.61277850267803,64.98844552230099,20,3,23,0,True,0.25,True
方案011,问题三_V3_档案方案011,零延误较少中继,solver_incumbent,0.0,7350,63.48680379482625,3.823774236694869,67.31057803152112,22,3,25,0,True,0.8050951673076596,False
方案012,问题三_V3_档案方案012,零延误较少中继,solver_incumbent,0.0,7344,64.28644296250397,3.7153020144726474,68.00174497697661,23,3,26,0,True,1.0,False
方案013,问题三_V3_档案方案013,零延误较少中继,solver_incumbent,0.0,7284,64.28644296250397,3.808802014472647,68.09524497697662,23,3,26,0,True,1.0,False
方案014,问题三_V3_档案方案014,允许普通物资延误优先完成,solver_incumbent,4.31,6899,63.54158526319967,2.6572760926888983,66.19886135588857,22,6,28,1,True,,False
方案015,问题三_V3_档案方案015,允许普通物资延误优先完成,solver_incumbent,4.32,6899,63.54158526319967,2.5814889873887368,66.1230742505884,22,6,28,1,True,,False
方案016,问题三_V3_档案方案016,允许普通物资延误优先能耗,solver_incumbent,0.0,8651,60.94617666460902,3.1500593586201027,64.09623602322912,20,5,25,0,True,0.8835098335854765,False
方案017,问题三_V3_档案方案017,允许普通物资延误优先能耗,solver_incumbent,0.0,8664,60.94617666460902,3.14608713639788,64.0922638010069,20,5,25,0,True,0.8900655572365104,False
方案018,问题三_V3_档案方案018,允许普通物资延误优先能耗,solver_incumbent,0.0,8714,60.94617666460902,3.123170469731214,64.06934713434023,20,5,25,0,True,0.9152798789712556,False
方案019,问题三_V3_档案方案019,旧完整方案初始化,initial_candidate_revalidated_in_V3_domain,0.0,7475,61.93992366496703,3.424468819173364,65.3643924841404,19,5,24,0,True,0.6666666666666666,False
