类别,架次,实算能耗kWh,实算返航SOC百分比,实算充电秒,保守额外充电秒
运输,R01,2.1355334158542574,46.61166460364357,1593,0.0
运输,R02,1.3568414897710228,69.84796689397727,892,0.0
运输,R03,1.3113663277553689,70.8585260498807,879,0.0
运输,R04,1.137957830143402,71.55105424641495,1160,0.0
运输,R05,2.9970588805152376,62.53676399355953,1646,0.0
运输,R06,2.9188599666983333,63.51425041627083,1624,0.0
运输,R07,2.0195751393849584,55.12055245811204,1084,0.0
运输,R08,2.0231251053892216,55.04166432468396,1085,0.0
运输,R09,2.752947602626505,31.176309934337375,1860,0.0
运输,R10,3.059774306965286,32.00501540077142,1384,0.0
运输,R11,6.381009134250646,20.237385821866926,2562,0.0
运输,R12,6.154566841621964,23.06791447972545,2501,0.0
运输,R13,3.016913614547218,32.95747523228404,1372,0.0
运输,R14,1.9634315477759676,56.36818782720072,1068,0.0
运输,R15,1.8980839331131043,57.82035704193101,1049,0.0
运输,R16,2.77329204524626,30.667698868843495,1869,0.0
运输,R17,2.3102237213281125,42.244406966797186,1668,0.0
运输,R18,1.1885202792985081,73.58843823781093,844,0.0
运输,R19,5.944388592179621,25.69514259775474,2444,0.0
运输,R20,4.457833346454947,44.27708316931316,2041,0.0
运输,R21,2.976042412010248,25.598939699743795,1957,0.0
运输,R22,2.7642397302694737,30.89400674326316,1865,0.0
中继,J01,0.44676239498167347,86.0386751568227,682,0.0
中继,J03,0.7899114276267002,75.31526788666562,821,0.0
中继,J04,1.2580769022919078,60.68509680337788,1012,0.0
中继,J06,0.17918519203337963,94.40046274895688,353,0.0
