station_id,lon,lat,east,north,px,py,ground_z,z,agl,distance_m,line_max_z,backhaul_ok,backhaul_margin_db,sample_cover_count,selected_for_certificate,certified_blind_cover_count,candidate_source,cruise_z,out_seconds,in_seconds,out_energy,in_energy,transit_energy,max_service_seconds,earliest_service_s,outward_climb_m,outward_descent_m,return_climb_m,return_descent_m,id,altitude_m,outbound_s,return_s,fixed_energy_kwh,preserved_original,selection_reason
J01111,109.22142882717726,23.026297736117392,317744.1847084616,2547537.652262657,679.643777838127,714.8281499773846,230.6231842041016,530.6231842041016,300.0,2194.0348218522345,230.6231842041016,True,8.990591573674976,672,True,1579.0,preserved_original25,530.6231842041016,247,281,0.0825489576809642,0.0467248156505568,0.1292737733315211,7925,457,402.9231842041016,0.0,0.0,402.9231842041016,J01111,530.6231842041016,247,281,0.1384404399981877,True,原25站强制保留
J02493,109.2741427516368,23.04525936139957,323171.86327951285,2549572.7221221435,869.4139058924698,646.5662989615596,370.1925048828125,670.1925048828125,300.0,6021.13784889216,381.4547119140625,True,0.3196232996395167,549,True,1332.0,preserved_original25,670.1925048828125,538,583,0.1764612697336263,0.1282279356708515,0.3046892054044779,7351,748,542.4925048828125,0.0,0.0,542.4925048828125,J02493,670.1925048828125,538,583,0.3138558720711445,True,原25站强制保留
J00386,109.19214331358864,23.053385772234783,314779.570661624,2550574.10693548,574.2159289190477,617.3112199547775,621.1666259765625,921.1666259765624,300.0,6359.38376613535,621.1666259765625,True,9.813700321266168,440,True,1507.0,preserved_original25,921.1666259765624,623,689,0.2059789146798024,0.135431320945475,0.3414102356252775,7230,833,793.4666259765623,0.0,0.0,793.4666259765623,J00386,921.1666259765624,623,689,0.3505769022919441,True,原25站强制保留
J01195,109.22435737853613,23.026297736117392,318044.3498315304,2547534.009425251,690.1865627300349,714.8281499773846,216.3534698486328,516.3534698486328,300.0,2079.409403858596,218.05133056640625,True,9.452573764429516,673,True,1586.0,preserved_original25,516.3534698486328,236,269,0.0788391319522126,0.0442837187858775,0.1231228507380901,7945,446,388.6534698486328,0.0,0.0,388.6534698486328,J01195,516.3534698486328,236,269,0.1322895174047568,True,原25站强制保留
J01282,109.227285929895,23.026297736117392,318344.51462233823,2547530.372598918,700.7293476219428,714.8281499773846,204.5682373046875,504.5682373046875,300.0,2003.583500256024,211.3206787109375,True,9.773986917925557,669,True,1591.0,preserved_original25,504.5682373046875,228,260,0.0761764889464455,0.0426689078758227,0.1188453968222682,7959,438,376.8682373046875,0.0,0.0,376.8682373046875,J01282,504.5682373046875,228,260,0.1280120634889349,True,原25站强制保留
J01285,109.227285929895,23.02900653972913,318348.1462300768,2547830.3377339,700.7293476219428,705.0764569751238,204.0849609375,504.0849609375,300.0,2299.186742661613,207.58721923828125,True,8.611178340301223,665,True,1573.0,preserved_original25,504.0849609375,248,279,0.0824287747911256,0.048964162112238,0.1313929369033637,7918,458,376.3849609375,0.0,0.0,376.3849609375,J01285,504.0849609375,248,279,0.1405596035700304,True,原25站强制保留
J01192,109.22435737853613,23.023588932505653,318040.71262213803,2547234.044051287,690.1865627300349,724.5798429796453,185.89974975585932,485.8997497558594,300.0,1797.7819456854618,218.85348510742188,True,10.69999795436955,660,True,1563.0,preserved_original25,485.8997497558594,210,240,0.0701338516344541,0.0382860969914496,0.1084199486259037,7993,420,358.1997497558594,0.0,0.0,358.1997497558594,J01192,485.8997497558594,210,240,0.1175866152925704,True,原25站强制保留
J01040,109.2185002758184,23.02900653972913,317447.6688826152,2547841.2672430496,669.1009929462191,705.0764569751238,224.071029663086,524.0710296630859,300.0,2599.186828145464,266.81646728515625,True,7.558903837030613,659,True,1699.0,preserved_original25,524.0710296630859,273,306,0.0905946388609949,0.0553530528216163,0.1459476916826113,7870,483,396.371029663086,0.0,0.0,396.371029663086,J01040,524.0710296630859,273,306,0.1551143583492779,True,原25站强制保留
J01037,109.2185002758184,23.026297736117392,317444.01925258373,2547541.3011111743,669.1009929462191,714.8281499773846,272.5015869140625,572.5015869140625,300.0,2341.7693237649464,272.5015869140625,True,8.414282062694937,643,True,1686.0,preserved_original25,572.5015869140625,268,305,0.089418589315636,0.0498710133764757,0.1392896026921117,7892,478,444.8015869140625,0.0,0.0,444.8015869140625,J01037,572.5015869140625,268,305,0.1484562693587784,True,原25站强制保留
J01288,109.227285929895,23.03171534334087,318351.7782428761,2548130.30296169,700.7293476219428,695.3247639728631,191.83755493164065,491.8375549316406,300.0,2595.7960746567983,205.8419952392578,True,7.58469467498189,665,True,1554.0,preserved_original25,491.8375549316406,265,295,0.0876565307940621,0.055280842330654,0.1429373731247161,7880,475,364.13755493164064,0.0,0.0,364.13755493164064,J01288,491.8375549316406,265,295,0.1521040397913828,True,原25站强制保留
J01114,109.22142882717726,23.02900653972913,317747.8283310229,2547837.618061687,679.643777838127,705.0764569751238,194.623764038086,494.62376403808594,300.0,2466.918944929332,240.8582000732422,True,8.017625837305133,654,True,1555.0,preserved_original25,494.62376403808594,257,287,0.0851596487767343,0.0525362367901617,0.137695885566896,7897,467,366.923764038086,0.0,0.0,366.923764038086,J01114,494.62376403808594,257,287,0.1468625522335626,True,原25站强制保留
J01372,109.23021448125384,23.03171534334087,318651.93068659684,2548126.6714840187,711.2721325138508,695.3247639728631,188.2535552978516,488.2535552978516,300.0,2570.76061045196,216.24459838867188,True,7.668989937846462,651,True,1534.0,preserved_original25,488.2535552978516,262,292,0.0868047125728771,0.0547476796670324,0.1415523922399096,7884,472,360.5535552978516,0.0,0.0,360.5535552978516,J01372,488.2535552978516,262,292,0.1507190589065762,True,原25站强制保留
J01279,109.227285929895,23.023588932505653,318340.88341966795,2547230.407556736,700.7293476219428,724.5798429796453,139.88262939453125,439.8826293945313,300.0,1709.5082860030757,199.2154083251953,True,11.163301110497684,649,True,1543.0,preserved_original25,439.8826293945313,193,219,0.0641625398446523,0.0364061949796951,0.1005687348243475,8019,403,312.1826293945313,0.0,0.0,312.1826293945313,J01279,439.8826293945313,193,219,0.1097354014910141,True,原25站强制保留
J01446,109.23314303261272,23.026297736117392,318944.8432093648,2547523.1169793108,721.8149174057587,714.8281499773846,224.66490173339844,524.6649017333984,300.0,1983.9094699848888,236.8926544189453,True,9.841303673146086,648,True,1534.0,preserved_original25,524.6649017333984,232,265,0.0775443114592538,0.0422499238978263,0.1197942353570801,7956,442,396.9649017333985,0.0,0.0,396.9649017333985,J01446,524.6649017333984,232,265,0.1289609020237468,True,原25站强制保留
J01369,109.23021448125384,23.02900653972913,318648.3046818197,2547826.706587398,711.2721325138508,705.0764569751238,166.67103576660156,466.6710357666016,300.0,2270.883506518363,202.511947631836,True,8.737028849573548,644,True,1531.0,preserved_original25,466.6710357666016,237,265,0.0784995261556621,0.0483614080091873,0.1268609341648495,7933,447,338.97103576660163,0.0,0.0,338.97103576660163,J01369,466.6710357666016,237,265,0.1360276008315162,True,原25站强制保留
J01366,109.23021448125384,23.026297736117392,318644.6790814336,2547526.741783617,711.2721325138508,714.8281499773846,139.60995483398438,439.6099548339844,300.0,1971.0398754600567,202.511947631836,True,9.957640800658424,639,True,1442.0,preserved_original25,439.6099548339844,210,236,0.0697079504058076,0.0419758491996123,0.1116837996054199,7982,420,311.9099548339844,0.0,0.0,311.9099548339844,J01366,439.6099548339844,210,236,0.1208504662720866,True,原25站强制保留
J01198,109.22435737853613,23.02900653972913,318047.98744666064,2547833.9748919834,690.1865627300349,705.0764569751238,161.66673278808594,461.66673278808594,300.0,2365.555289556131,214.96250915527344,True,8.391274915005695,651,True,1547.0,preserved_original25,461.66673278808594,242,270,0.0800707489181176,0.0503775663516583,0.130448315269776,7921,452,333.96673278808595,0.0,0.0,333.96673278808595,J01198,461.66673278808594,242,270,0.1396149819364426,True,原25站强制保留
J01291,109.227285929895,23.03442414695261,318355.41066072835,2548430.268282296,700.7293476219428,685.5730709706024,224.652572631836,524.6525726318359,300.0,2893.1021014015405,230.64898681640625,True,6.645391152587834,664,True,1684.0,preserved_original25,524.6525726318359,293,326,0.0969056509404957,0.0616123595668846,0.1585180105073803,7829,503,396.952572631836,0.0,0.0,396.952572631836,J01291,524.6525726318359,293,326,0.167684677174047,True,原25站强制保留
J01297,109.227285929895,23.039841754176088,318362.6767115605,2549030.199201991,700.7293476219428,666.069684966081,274.96978759765625,574.9697875976562,300.0,3489.0916098361195,276.2914428710937,True,5.026883789595416,670,True,1672.0,preserved_original25,574.9697875976562,345,382,0.11407175387066,0.0743047287279914,0.1883764825986514,7731,555,447.26978759765626,0.0,0.0,447.26978759765626,J01297,574.9697875976562,345,382,0.1975431492653181,True,原25站强制保留
J01108,109.22142882717726,23.023588932505653,317740.541492308,2547237.6865563625,679.643777838127,724.5798429796453,205.1794586181641,505.17945861816406,300.0,1929.2157926282684,205.1794586181641,True,10.091545624200664,635,True,1542.0,preserved_original25,505.17945861816406,223,255,0.0746470762635953,0.0410851511393057,0.115732227402901,7969,433,377.4794586181641,0.0,0.0,377.4794586181641,J01108,505.17945861816406,223,255,0.1248988940695677,True,原25站强制保留
J01363,109.23021448125384,23.023588932505653,318641.05388544616,2547226.777072669,711.2721325138508,724.5798429796453,202.511947631836,502.511947631836,300.0,1671.2476811543213,202.511947631836,True,11.29349323816463,631,True,1512.0,preserved_original25,502.511947631836,206,237,0.0689161409245549,0.0355913858023605,0.1045075267269155,8006,416,374.811947631836,0.0,0.0,374.811947631836,J01363,502.511947631836,206,237,0.1136741933935821,True,原25站强制保留
J01201,109.22435737853613,23.03171534334087,318051.62546752125,2548133.9404514907,690.1865627300349,695.3247639728631,189.96783447265625,489.96783447265625,300.0,2654.7589678473523,209.64303588867188,True,7.39367840984049,645,True,1534.0,preserved_original25,489.96783447265625,268,298,0.0887459840702387,0.0565365335745269,0.1452825176447656,7872,478,362.26783447265626,0.0,0.0,362.26783447265626,J01201,489.96783447265625,268,298,0.1544491843114323,True,原25站强制保留
J00961,109.21557172445954,23.026297736117392,317143.85346334835,2547544.955970844,658.5582080543111,714.8281499773846,254.61834716796875,554.6183471679688,300.0,2516.789323796537,254.61834716796875,True,7.816767852826558,620,True,1653.0,preserved_original25,554.6183471679688,275,311,0.0915558575196974,0.0535982911549262,0.1451541486746236,7873,485,426.9183471679688,0.0,0.0,426.9183471679688,J00961,554.6183471679688,275,311,0.1543208153412903,True,原25站强制保留
J01043,109.2185002758184,23.03171534334087,317451.3189197163,2548141.2334676352,669.1009929462191,695.3247639728631,195.06504821777344,495.06504821777344,300.0,2864.8989936104085,251.1195526123047,True,6.740207010056892,636,True,1657.0,preserved_original25,495.06504821777344,283,314,0.0936743846546134,0.0610117378268883,0.1546861224815017,7841,493,367.3650482177735,0.0,0.0,367.3650482177735,J01043,495.06504821777344,283,314,0.1638527891481684,True,原25站强制保留
J02512,109.27707130299568,23.00733611083522,323422.57036892674,2545369.7517671883,879.9566907843777,783.0900009932095,548.008056640625,648.008056640625,100.0,4740.0350652757525,548.008056640625,True,2.3820282244451647,366,False,757.0,preserved_original25,648.008056640625,447,490,0.1472060926655513,0.1009451912049465,0.2481512838704978,7536,657,520.308056640625,0.0,0.0,520.308056640625,J02512,648.008056640625,447,490,0.2573179505371645,True,原25站强制保留
J00967,109.21557172445954,23.03171534334087,317151.1651461698,2548144.888994058,658.5582080543111,695.3247639728631,208.91416931152344,508.9141693115234,300.0,3009.644639759773,285.5106201171875,True,6.313358966522372,600,False,,previous_global_grid,508.9141693115234,296,328,0.0979882644874585,0.064094283994884,0.1620825484823425,7817,506,381.2141693115234,0.0,0.0,381.2141693115234,J00967,508.9141693115234,296,328,0.1712492151490092,False,历史瞬时覆盖互补站
J02254,109.2653570975602,23.00733611083522,322221.76340886403,2545383.9173512994,837.785551216746,783.0900009932095,267.4262390136719,367.4262390136719,100.0,3539.754220070132,407.6164245605469,True,4.949611075167184,229,False,,previous_global_grid,457.6164245605469,349,369,0.1047167219187551,0.0834025181908035,0.1881192401095587,7732,559,329.9164245605469,90.190185546875,90.190185546875,329.9164245605469,J02254,367.4262390136719,349,369,0.1972859067762254,False,历史瞬时覆盖互补站
V3C01767,109.2302147928048,23.023588932505653,318641.0858187573,2547226.7766867643,711.2732540972657,724.5798429796453,202.51194763183597,252.51194763183597,50.0,1671.2464330421951,202.51194763183597,True,11.467917346076431,492,,,old25_local,252.51194763183597,143,154,0.0466884643636794,0.0355913592221949,0.0822798235858743,8078,353,124.81194763183592,0.0,0.0,124.81194763183592,V3C01767,252.51194763183597,143,154,0.091446490252541,False,50m高度分层：低能耗
V3C00220,109.2741427516368,23.04796816501131,323175.4015345351,2549872.6826770618,869.4139058924698,636.8146059592862,393.3761596679688,443.3761596679688,50.0,6227.797804834887,393.3761596679688,True,0.0493068841467163,509,,,old25_local,443.3761596679688,495,521,0.1606959840626045,0.1326290273251874,0.2933250113877919,7388,705,315.6761596679688,0.0,0.0,315.6761596679688,V3C00220,443.3761596679688,495,521,0.3024916780544586,False,50m高度分层：覆盖互补
V3C02814,109.23314266222692,23.026297736117392,318944.8052464086,2547523.117437375,721.8135840169098,714.8281499773846,224.66490173339844,274.66490173339844,50.0,1983.90497527387,236.8926544189453,True,9.97760686466799,539,,,old25_local,286.8926544189453,177,189,0.0564037425848263,0.0433370050041087,0.0997407475889351,8021,387,159.19265441894532,12.227752685546877,12.227752685546877,159.19265441894532,V3C02814,274.66490173339844,177,189,0.1089074142556018,False,50m高度分层：低能耗
V3C00202,109.2741427516368,23.04255055778783,323168.3254187918,2549272.7616605954,869.4139058924698,656.3179919638076,413.161376953125,463.161376953125,50.0,5822.604093443538,414.2157897949219,True,0.6307006081885476,502,,,old25_local,464.2157897949219,473,501,0.1539197227441759,0.1240936504683317,0.2780133732125077,7438,683,336.5157897949219,1.054412841796875,1.054412841796875,336.5157897949219,V3C00202,463.161376953125,473,501,0.2871800398791743,False,50m高度分层：覆盖互补
V3C01860,109.23460715251667,23.026297736117392,319094.90918300545,2547521.307023759,727.0857490600052,714.8281499773846,224.81588745117188,274.8158874511719,50.0,2007.218542587826,241.96414184570312,True,9.876498939936,541,,,old25_local,291.9641418457031,181,193,0.0573511442116822,0.0442709824002176,0.1016221266118998,8015,391,164.26414184570314,17.14825439453125,17.14825439453125,164.26414184570314,V3C01860,274.8158874511719,181,193,0.1107887932785665,False,50m高度分层：低能耗
V3C03702,109.27267842568617,23.049322566817175,323027.1114634908,2550024.4339978853,864.142332470181,631.9387594581558,364.8765869140625,414.8765869140625,50.0,6229.6997176627,364.8765869140625,True,0.0484520726428883,504,,,used4_local,414.8765869140625,488,512,0.158202573650621,0.1326695310242982,0.2908721046749192,7396,698,287.1765869140625,0.0,0.0,287.1765869140625,V3C03702,414.8765869140625,488,512,0.3000387713415858,False,50m高度分层：覆盖互补
J01506,109.23607158397158,23.01004491444696,319223.3339564089,2545719.715278358,732.3577022976666,773.3383079909488,236.96563720703125,336.96563720703125,100.0,561.4878480951018,236.96563720703125,True,20.491589516991183,464,False,,previous_global_grid,336.96563720703125,90,108,0.0305635449271155,0.011957611579803,0.0425211565069186,8209,300,209.2656372070313,0.0,0.0,209.2656372070313,J01506,336.96563720703125,90,108,0.0516878231735852,False,100m高度分层：低能耗
J00664,109.20385751902408,23.047968165011305,315972.635796923,2549959.380548173,616.3870684866794,636.8146059592989,531.0104370117188,631.0104370117188,100.0,5172.230759675331,531.0104370117188,True,1.6344608151419775,550,False,,previous_global_grid,631.0104370117188,471,513,0.1548989916730019,0.1101493587708635,0.2650483504438655,7480,681,503.3104370117188,0.0,0.0,503.3104370117188,J00664,631.0104370117188,471,513,0.2742150171105321,False,100m高度分层：覆盖互补
J01429,109.23314303261272,23.012753718058697,318926.75130009267,2546023.296006467,721.8149174057587,763.5866149886881,163.59715270996094,263.59715270996094,100.0,525.4518876350073,163.59715270996094,True,21.32881191909312,430,False,,previous_global_grid,263.59715270996094,70,81,0.0232728764637716,0.0111901790885233,0.0344630555522949,8235,280,135.89715270996095,0.0,0.0,135.89715270996095,J01429,263.59715270996094,70,81,0.0436297222189616,False,100m高度分层：低能耗
J00661,109.20385751902408,23.04525936139957,315968.9532561882,2549659.412095847,616.3870684866794,646.5662989615596,504.4178771972656,604.4178771972656,100.0,4921.410811813902,513.9716186523438,True,2.066740386670517,541,False,,previous_global_grid,604.4178771972656,448,488,0.1471930952997363,0.1048078228441849,0.2520009181439213,7523,658,476.7178771972656,0.0,0.0,476.7178771972656,J00661,604.4178771972656,448,488,0.2611675848105879,False,100m高度分层：覆盖互补
J01349,109.23021448125384,23.012753718058697,318626.5571456396,2546026.91915702,711.2721325138508,763.5866149886881,146.7898406982422,246.7898406982422,100.0,474.54302741816144,146.7898406982422,True,22.234913932513592,411,False,,previous_global_grid,246.7898406982422,62,72,0.0206943580984347,0.0101060089172386,0.0308003670156733,8247,272,119.08984069824218,0.0,0.0,119.08984069824218,J01349,246.7898406982422,62,72,0.03996703368234,False,100m高度分层：低能耗
J00589,109.20092896766522,23.04525936139957,315668.827859955,2549663.099364105,605.8442835947715,646.5662989615596,557.6760864257812,657.6760864257812,100.0,5096.240108689364,574.5431518554688,True,1.757504364428641,503,False,,previous_global_grid,657.6760864257812,473,517,0.1556515311405927,0.1085310393517179,0.2641825704923107,7483,683,529.9760864257812,0.0,0.0,529.9760864257812,J00589,657.6760864257812,473,517,0.2733492371589773,False,100m高度分层：覆盖互补
V3C02792,109.23314266222692,23.020880128893918,318937.567269939,2546923.1887696222,721.8135840169098,734.331535981906,169.88954162597656,319.88954162597656,150.0,1389.9672929580115,173.87496948242188,True,13.019541533804045,548,,,old25_local,319.88954162597656,141,157,0.0466888427578558,0.0296011553129946,0.0762899980708504,8098,351,192.18954162597657,0.0,0.0,192.18954162597657,V3C02792,319.88954162597656,141,157,0.0854566647375171,False,150m高度分层：低能耗
V3C00203,109.2741427516368,23.04255055778783,323168.3254187918,2549272.7616605954,869.4139058924698,656.3179919638076,413.161376953125,563.161376953125,150.0,5822.604093443538,414.2157897949219,True,0.6213748968521031,527,,,old25_local,563.161376953125,498,534,0.1627170342581293,0.1239999019900012,0.2867169362481306,7409,708,435.461376953125,0.0,0.0,435.461376953125,V3C00203,563.161376953125,498,534,0.2958836029147972,False,150m高度分层：覆盖互补
V3C01670,109.22582183940848,23.020880128893918,318187.1832440825,2546932.259707527,695.4586218704645,734.331535981906,213.27403259277344,363.27403259277344,150.0,1463.805432793112,213.27403259277344,True,12.542923729704428,561,,,old25_local,363.27403259277344,157,177,0.0521186627809563,0.0311736342168903,0.0832922969978467,8075,367,235.57403259277345,0.0,0.0,235.57403259277345,V3C01670,363.27403259277344,157,177,0.0924589636645134,False,150m高度分层：低能耗
V3C00896,109.2228932880496,23.026297736117392,317894.2862931143,2547535.8298622053,684.9158369785054,714.8281499773846,237.3607940673828,387.3607940673828,150.0,2132.206374737277,237.3607940673828,True,9.314666034774149,618,,,old25_local,387.3607940673828,208,229,0.0684946956982287,0.0454080987212568,0.1139027944194855,7975,418,259.6607940673828,0.0,0.0,259.6607940673828,V3C00896,387.3607940673828,208,229,0.1230694610861522,False,150m高度分层：覆盖互补
V3C02762,109.23167857174036,23.020880128893918,318787.49822326127,2546924.999861038,716.5428582653291,734.331535981906,172.4418487548828,322.4418487548828,150.0,1372.603464157703,190.2197113037109,True,13.125051365992704,546,,,old25_local,322.4418487548828,141,157,0.0465459846729046,0.0292313700700251,0.0757773547429298,8100,351,194.7418487548828,0.0,0.0,194.7418487548828,V3C02762,322.4418487548828,141,157,0.0849440214095964,False,150m高度分层：低能耗
V3C01958,109.228750331928,23.030360941535,318500.0529015087,2547978.5037719943,706.0011949408233,700.2006104739935,206.3517608642578,356.3517608642578,150.0,2429.506285821399,206.3517608642578,True,8.203499567087874,609,,,old25_local,356.3517608642578,220,239,0.0720690509484216,0.0517394857165668,0.1238085366649884,7942,430,228.65176086425785,0.0,0.0,228.65176086425785,V3C01958,356.3517608642578,220,239,0.1329752033316551,False,150m高度分层：覆盖互补
J01427,109.23314303261272,23.01004491444696,318923.13412951067,2545723.3320903964,721.8149174057587,773.3383079909488,140.6221160888672,340.6221160888672,200.0,289.98378887703586,144.7827606201172,True,25.10682558207533,459,False,,previous_global_grid,340.6221160888672,73,91,0.0251066137673496,0.0061755806890479,0.0312821944563976,8245,283,212.9221160888672,0.0,0.0,212.9221160888672,J01427,340.6221160888672,73,91,0.0404488611230643,False,200m高度分层：低能耗
J00665,109.20385751902408,23.047968165011305,315972.635796923,2549959.380548173,616.3870684866794,636.8146059592989,531.0104370117188,731.0104370117188,200.0,5172.230759675331,531.0104370117188,True,1.617328893583064,557,False,,previous_global_grid,731.0104370117188,496,546,0.1637900516652859,0.1101493587708635,0.2739394104361494,7451,706,603.3104370117187,0.0,0.0,603.3104370117187,J00665,731.0104370117188,496,546,0.2831060771028161,False,200m高度分层：覆盖互补
J01347,109.23021448125384,23.01004491444696,318622.9339717623,2545726.9549101004,711.2721325138508,773.3383079909488,135.1773681640625,335.1773681640625,200.0,182.1557605360759,135.1773681640625,True,27.59975727153207,436,False,,previous_global_grid,335.1773681640625,65,82,0.0223261803223321,0.0038792430484534,0.0262054233707855,8262,275,207.4773681640625,0.0,0.0,207.4773681640625,J01347,335.1773681640625,65,82,0.0353720900374522,False,200m高度分层：低能耗
J01098,109.22142882717726,23.01546252167044,317729.61428237206,2546337.789993796,679.643777838127,753.8349219864274,279.5834045410156,479.5834045410156,200.0,1235.3284905994965,279.5834045410156,True,13.80745620948828,569,False,,previous_global_grid,479.5834045410156,171,200,0.0575940861596962,0.0263079215590633,0.0839020077187596,8073,381,351.88340454101564,0.0,0.0,351.88340454101564,J01098,479.5834045410156,171,200,0.0930686743854262,False,200m高度分层：覆盖互补
J01350,109.23021448125384,23.012753718058697,318626.5571456396,2546026.91915702,711.2721325138508,763.5866149886881,146.7898406982422,346.7898406982422,200.0,474.54302741816144,146.7898406982422,True,21.716138626000586,480,False,,previous_global_grid,346.7898406982422,87,105,0.0295854180907186,0.0101060089172386,0.0396914270079572,8218,297,219.0898406982422,0.0,0.0,219.0898406982422,J01350,346.7898406982422,87,105,0.0488580936746239,False,200m高度分层：低能耗
J02543,109.27707130299568,23.03442414695261,323457.8554065643,2548369.3452248266,879.9566907843777,685.5730709706024,367.63818359375,567.63818359375,200.0,5539.2066726182775,367.63818359375,True,1.051934355164846,522,False,,previous_global_grid,567.63818359375,480,516,0.1570797543787849,0.1179645865465003,0.2750443409252853,7448,690,439.93818359375,0.0,0.0,439.93818359375,J02543,567.63818359375,480,516,0.2842110075919519,False,200m高度分层：覆盖互补
V3C01672,109.22582183940848,23.020880128893918,318187.1832440825,2546932.259707527,695.4586218704645,734.331535981906,213.27403259277344,463.27403259277344,250.0,1463.805432793112,213.27403259277344,True,12.438812207525274,606,,,old25_local,463.27403259277344,182,210,0.0610097227732403,0.0311736342168903,0.0921833569901306,8046,392,335.57403259277345,0.0,0.0,335.57403259277345,V3C01672,463.27403259277344,182,210,0.1013500236567973,False,250m高度分层：低能耗
V3C00898,109.2228932880496,23.026297736117392,317894.2862931143,2547535.8298622053,684.9158369785054,714.8281499773846,237.3607940673828,487.3607940673828,250.0,2132.206374737277,237.3607940673828,True,9.26035665886218,663,,,old25_local,487.3607940673828,233,263,0.0773857556905126,0.0454080987212568,0.1227938544117694,7946,443,359.6607940673828,0.0,0.0,359.6607940673828,V3C00898,487.3607940673828,233,263,0.1319605210784361,False,250m高度分层：覆盖互补
V3C02800,109.23314266222692,23.022234530699784,318939.37661265454,2547073.17090174,721.8135840169098,729.4556894807756,174.2650909423828,424.2650909423828,250.0,1538.0125448233011,174.2650909423828,True,12.068370433567893,614,,,old25_local,424.2650909423828,177,202,0.0591217510138364,0.0327539708619777,0.0918757218758141,8047,387,296.5650909423828,0.0,0.0,296.5650909423828,V3C02800,424.2650909423828,177,202,0.1010423885424808,False,250m高度分层：低能耗
V3C00023,109.21850058736936,23.027652137923265,317445.87594920926,2547691.283777008,669.102114529634,709.9523034762542,261.2281188964844,511.2281188964844,250.0,2469.2607841081413,273.0780944824219,True,8.001311925526636,656,,,old25_local,511.2281188964844,261,293,0.0866858244295564,0.0525861092911919,0.1392719337207483,7892,471,383.5281188964844,0.0,0.0,383.5281188964844,V3C00023,511.2281188964844,261,293,0.148438600387415,False,250m高度分层：覆盖互补
V3C02764,109.23167857174036,23.020880128893918,318787.49822326127,2546924.999861038,716.5428582653291,734.331535981906,172.4418487548828,422.4418487548828,250.0,1372.603464157703,190.2197113037109,True,13.024270728820753,597,,,old25_local,422.4418487548828,166,190,0.0554370446651886,0.0292313700700251,0.0846684147352137,8071,376,294.7418487548828,0.0,0.0,294.7418487548828,V3C02764,422.4418487548828,166,190,0.0938350814018804,False,250m高度分层：低能耗
V3C00222,109.2741427516368,23.04796816501131,323175.4015345351,2549872.6826770618,869.4139058924698,636.8146059592862,393.3761596679688,643.3761596679688,250.0,6227.797804834887,393.3761596679688,True,0.0316605400966381,547,,,old25_local,643.3761596679688,545,588,0.1784781040471724,0.1326290273251874,0.3111071313723598,7330,755,515.6761596679687,0.0,0.0,515.6761596679687,V3C00222,643.3761596679688,545,588,0.3202737980390265,False,250m高度分层：覆盖互补
J01099,109.22142882717726,23.01546252167044,317729.61428237206,2546337.789993796,679.643777838127,753.8349219864274,279.5834045410156,579.5834045410156,300.0,1235.3284905994965,279.5834045410156,True,13.609317827018272,601,False,,previous_global_grid,579.5834045410156,196,233,0.0664851461519802,0.0263079215590633,0.0927930677110435,8044,406,451.8834045410157,0.0,0.0,451.8834045410157,J01099,579.5834045410156,196,233,0.1019597343777102,False,300m高度分层：低能耗
V3C01133,109.21557203601049,23.027652137923265,317145.71316368046,2547694.9388027377,658.559329637726,709.9523034762542,327.0593566894531,627.0593566894531,300.0,2635.8237627248686,327.0593566894531,True,7.386132524371092,637,,,old25_local,627.0593566894531,301,343,0.1005316238161498,0.0561332838358073,0.1566649076519572,7835,511,499.35935668945314,0.0,0.0,499.35935668945314,V3C01133,627.0593566894531,301,343,0.1658315743186239,False,300m高度分层：覆盖互补
J01348,109.23021448125384,23.01004491444696,318622.9339717623,2545726.9549101004,711.2721325138508,773.3383079909488,135.1773681640625,435.1773681640625,300.0,182.1557605360759,135.1773681640625,True,25.30779113639761,479,False,,previous_global_grid,435.1773681640625,90,115,0.031217240314616,0.0038792430484534,0.0350964833630695,8233,300,307.4773681640625,0.0,0.0,307.4773681640625,J01348,435.1773681640625,90,115,0.0442631500297361,False,300m高度分层：低能耗
J01028,109.2185002758184,23.01817132528217,317433.0728049851,2546641.403271726,669.1009929462191,744.0832289841667,255.64675903320312,555.6467590332031,300.0,1657.7481252051734,286.2391052246094,True,11.300060950884628,595,False,,previous_global_grid,555.6467590332031,218,254,0.0733528983396759,0.035303895258999,0.108656793598675,7992,428,427.9467590332032,0.0,0.0,427.9467590332032,J01028,555.6467590332031,218,254,0.1178234602653417,False,300m高度分层：覆盖互补
J01351,109.23021448125384,23.012753718058697,318626.5571456396,2546026.91915702,711.2721325138508,763.5866149886881,146.7898406982422,446.7898406982422,300.0,474.54302741816144,146.7898406982422,True,20.96755553163007,521,False,,previous_global_grid,446.7898406982422,112,138,0.0384764780830026,0.0101060089172386,0.0485824870002412,8189,322,319.0898406982422,0.0,0.0,319.0898406982422,J01351,446.7898406982422,112,138,0.0577491536669079,False,300m高度分层：低能耗
V3C02513,109.22875019695287,23.03848735237022,318510.92791514745,2548878.3995435354,706.0007090303754,670.9455314672114,271.6767578125,571.6767578125,300.0,3326.8804898279923,271.6767578125,True,5.43506452838983,678,,,old25_local,571.6767578125,333,370,0.1103244725426508,0.0708502326537442,0.1811747051963951,7755,543,443.9767578125,0.0,0.0,443.9767578125,V3C02513,571.6767578125,333,370,0.1903413718630618,False,300m高度分层：覆盖互补
J01186,109.22435737853613,23.01817132528217,318033.439420599,2546634.1135816225,690.1865627300349,744.0832289841667,189.48634338378903,489.48634338378906,300.0,1260.2089410003289,204.4544219970703,True,13.628672755585455,611,False,,previous_global_grid,489.48634338378906,175,205,0.0590044238369278,0.0268377830027847,0.0858422068397126,8067,385,361.7863433837891,0.0,0.0,361.7863433837891,J01186,489.48634338378906,175,205,0.0950088735063793,False,低固定能耗替代
V3C00893,109.2228932880496,23.024943334311523,317892.4661361606,2547385.8470805925,684.9158369785054,719.7039964785149,197.0542755126953,497.0542755126953,300.0,1994.453810136308,224.2670135498047,True,9.81804844610771,670,,,old25_local,497.0542755126953,226,257,0.0753139895098393,0.0424744792899398,0.1177884687997792,7962,436,369.3542755126953,0.0,0.0,369.3542755126953,V3C00893,497.0542755126953,226,257,0.1269551354664459,False,全域困难位置互补
J01428,109.23314303261272,23.01004491444696,318923.13412951067,2545723.3320903964,721.8149174057587,773.3383079909488,140.6221160888672,440.6221160888672,300.0,289.98378887703586,144.7827606201172,True,23.643995673082017,485,False,,previous_global_grid,440.6221160888672,98,124,0.0339976737596335,0.0061755806890479,0.0401732544486815,8216,308,312.9221160888672,0.0,0.0,312.9221160888672,J01428,440.6221160888672,98,124,0.0493399211153482,False,低固定能耗替代
