货箱编号,服务区,运输架次,实际送达秒,原始硬截止秒,期望送达秒,硬时限货箱,硬余量秒,期望余量秒,软延误秒,归一化加权延误
S014-MED-01,S014,R01,1237.0,3600.0,7200.0,True,2363.0,5963.0,0,0.0
S014-WAT-01,S014,R01,1237.0,3600.0,3600.0,True,2363.0,2363.0,0,0.0
S014-FOD-01,S014,R01,1237.0,,7200.0,False,,5963.0,0,0.0
S006-WAT-01,S006,R02,936.0,3600.0,3600.0,True,2664.0,2664.0,0,0.0
S006-FOD-01,S006,R02,936.0,,7200.0,False,,6264.0,0,0.0
S006-MED-01,S006,R03,936.0,3600.0,3600.0,True,2664.0,2664.0,0,0.0
S006-WAT-02,S006,R03,936.0,,3600.0,False,,2664.0,0,0.0
S006-WAT-03,S006,R04,883.0,,3600.0,False,,2717.0,0,0.0
S006-HYG-01,S006,R04,883.0,,10800.0,False,,9917.0,0,0.0
S001-WAT-01,S001,R05,1184.0,3600.0,3600.0,True,2416.0,2416.0,0,0.0
S001-WAT-02,S001,R05,1184.0,,3600.0,False,,2416.0,0,0.0
S001-WAT-03,S001,R05,1184.0,,3600.0,False,,2416.0,0,0.0
S001-WAT-04,S001,R05,1184.0,,3600.0,False,,2416.0,0,0.0
S001-WAT-05,S001,R05,1184.0,,3600.0,False,,2416.0,0,0.0
S001-FOD-01,S001,R05,1184.0,,7200.0,False,,6016.0,0,0.0
S001-MED-01,S001,R06,1382.0,3600.0,3600.0,True,2218.0,2218.0,0,0.0
S001-MED-02,S001,R06,1382.0,3600.0,3600.0,True,2218.0,2218.0,0,0.0
S001-WAT-06,S001,R06,1382.0,,3600.0,False,,2218.0,0,0.0
S001-WAT-07,S001,R06,1382.0,,3600.0,False,,2218.0,0,0.0
S001-WAT-08,S001,R06,1382.0,,3600.0,False,,2218.0,0,0.0
S001-FOD-02,S001,R06,1382.0,,7200.0,False,,5818.0,0,0.0
S001-FOD-03,S001,R06,1382.0,,7200.0,False,,5818.0,0,0.0
S001-HYG-01,S001,R06,1382.0,,10800.0,False,,9418.0,0,0.0
S001-HYG-02,S001,R06,1382.0,,10800.0,False,,9418.0,0,0.0
S010-WAT-01,S010,R07,1116.0,3600.0,3600.0,True,2484.0,2484.0,0,0.0
S010-FOD-01,S010,R07,1116.0,,7200.0,False,,6084.0,0,0.0
S013-WAT-01,S013,R08,1151.0,3600.0,3600.0,True,2449.0,2449.0,0,0.0
S013-FOD-01,S013,R08,1151.0,,7200.0,False,,6049.0,0,0.0
S012-MED-01,S012,R09,2481.0,3600.0,7200.0,True,1119.0,4719.0,0,0.0
S012-WAT-01,S012,R09,2481.0,3600.0,3600.0,True,1119.0,1119.0,0,0.0
S012-FOD-01,S012,R09,2481.0,,7200.0,False,,4719.0,0,0.0
S009-WAT-01,S009,R10,2439.0,10800.0,10800.0,True,8361.0,8361.0,0,0.0
S013-MED-01,S013,R10,2943.0,3600.0,3600.0,True,657.0,657.0,0,0.0
S010-MED-01,S010,R10,3344.0,3600.0,3600.0,True,256.0,256.0,0,0.0
S009-MED-01,S009,R11,2767.0,10800.0,10800.0,True,8033.0,8033.0,0,0.0
S009-FOD-01,S009,R11,2767.0,,14400.0,False,,11633.0,0,0.0
S002-MED-01,S002,R11,3370.0,3600.0,3600.0,True,230.0,230.0,0,0.0
S002-WAT-02,S002,R11,3370.0,,3600.0,False,,230.0,0,0.0
S002-WAT-03,S002,R11,3370.0,,3600.0,False,,230.0,0,0.0
S002-WAT-04,S002,R11,3370.0,,3600.0,False,,230.0,0,0.0
S002-FOD-02,S002,R11,3370.0,,7200.0,False,,3830.0,0,0.0
S002-HYG-01,S002,R11,3370.0,,10800.0,False,,7430.0,0,0.0
S004-MED-01,S004,R12,3282.0,7200.0,7200.0,True,3918.0,3918.0,0,0.0
S004-WAT-01,S004,R12,3282.0,7200.0,7200.0,True,3918.0,3918.0,0,0.0
S004-WAT-02,S004,R12,3282.0,,7200.0,False,,3918.0,0,0.0
S004-WAT-03,S004,R12,3282.0,,7200.0,False,,3918.0,0,0.0
S004-FOD-01,S004,R12,3282.0,,10800.0,False,,7518.0,0,0.0
S004-HYG-01,S004,R12,3282.0,,14400.0,False,,11118.0,0,0.0
S002-WAT-01,S002,R13,3042.0,3600.0,3600.0,True,558.0,558.0,0,0.0
S002-FOD-01,S002,R13,3042.0,,7200.0,False,,4158.0,0,0.0
S007-WAT-02,S007,R14,3600.0,,3600.0,False,,0.0,0,0.0
S007-FOD-01,S007,R14,3600.0,,7200.0,False,,3600.0,0,0.0
S007-MED-01,S007,R15,3600.0,3600.0,3600.0,True,0.0,0.0,0,0.0
S007-WAT-01,S007,R15,3600.0,3600.0,3600.0,True,0.0,0.0,0,0.0
S003-MED-01,S003,R16,3829.0,7200.0,7200.0,True,3371.0,3371.0,0,0.0
S003-WAT-01,S003,R16,3829.0,7200.0,7200.0,True,3371.0,3371.0,0,0.0
S003-FOD-01,S003,R16,3829.0,,10800.0,False,,6971.0,0,0.0
S015-MED-01,S015,R17,4356.0,7200.0,7200.0,True,2844.0,2844.0,0,0.0
S015-WAT-01,S015,R17,4356.0,10800.0,10800.0,True,6444.0,6444.0,0,0.0
S015-FOD-01,S015,R17,4356.0,,14400.0,False,,10044.0,0,0.0
S011-WAT-01,S011,R18,4650.0,10800.0,10800.0,True,6150.0,6150.0,0,0.0
S011-FOD-01,S011,R18,4650.0,,14400.0,False,,9750.0,0,0.0
S007-HYG-01,S007,R19,5211.0,,10800.0,False,,5589.0,0,0.0
S003-WAT-02,S003,R19,5822.0,,7200.0,False,,1378.0,0,0.0
S003-WAT-03,S003,R19,5822.0,,7200.0,False,,1378.0,0,0.0
S003-WAT-04,S003,R19,5822.0,,7200.0,False,,1378.0,0,0.0
S003-FOD-02,S003,R19,5822.0,,10800.0,False,,4978.0,0,0.0
S003-HYG-01,S003,R19,5822.0,,14400.0,False,,8578.0,0,0.0
S005-MED-01,S005,R20,5403.0,10800.0,10800.0,True,5397.0,5397.0,0,0.0
S005-WAT-01,S005,R20,5403.0,10800.0,10800.0,True,5397.0,5397.0,0,0.0
S005-WAT-02,S005,R20,5403.0,,10800.0,False,,5397.0,0,0.0
S005-WAT-03,S005,R20,5403.0,,10800.0,False,,5397.0,0,0.0
S005-FOD-01,S005,R20,5403.0,,14400.0,False,,8997.0,0,0.0
S005-HYG-01,S005,R20,5403.0,,18000.0,False,,12597.0,0,0.0
S011-MED-01,S011,R20,5933.0,10800.0,10800.0,True,4867.0,4867.0,0,0.0
S008-MED-01,S008,R21,6207.0,7200.0,7200.0,True,993.0,993.0,0,0.0
S008-WAT-02,S008,R21,6207.0,,7200.0,False,,993.0,0,0.0
S008-FOD-01,S008,R21,6207.0,,10800.0,False,,4593.0,0,0.0
S008-WAT-01,S008,R22,6227.0,7200.0,7200.0,True,973.0,973.0,0,0.0
S008-HYG-01,S008,R22,6227.0,,14400.0,False,,8173.0,0,0.0
