服务区,首次秒,完成秒,箱数,质量kg,最小余量min,最大余量min,硬时限箱数
S002,1159,4944,8,81,6.766666666666667,12.15,2
S014,3163,3163,3,25,7.283333333333333,7.283333333333333,2
S015,6761,6761,3,25,7.316666666666666,67.31666666666666,2
S004,6552,6552,6,59,10.8,10.8,2
S013,1533,2792,3,25,13.466666666666667,34.45,2
S006,2708,2708,6,59,14.866666666666667,14.866666666666667,2
S008,6230,6230,5,45,16.166666666666668,16.166666666666668,2
S003,3464,5129,8,81,34.516666666666666,34.516666666666666,2
S001,1184,2613,15,154,38.06666666666667,40.266666666666666,3
S012,1273,1273,3,25,38.78333333333333,38.78333333333333,2
S007,1133,2853,5,45,41.11666666666667,41.11666666666667,2
S010,1042,1132,3,25,41.13333333333333,42.63333333333333,2
S009,6944,6944,3,25,64.26666666666667,64.26666666666667,2
S011,5365,5365,3,25,90.58333333333333,90.58333333333333,2
S005,4465,4465,6,59,105.58333333333333,105.58333333333333,2
