机型,资源,时刻秒,同时占用,库存
A,无人机,0,4,4
A,无人机,1589,4,4
A,无人机,1711,3,4
A,无人机,2059,2,4
A,无人机,3318,1,4
A,无人机,3589,0,4
A,无人机,10800,0,4
A,电池,0,4,6
A,电池,1589,5,6
A,电池,1711,6,6
A,电池,2644,5,6
A,电池,2760,4,6
A,电池,2779,3,6
A,电池,3198,2,6
A,电池,4403,1,6
A,电池,4961,0,6
A,电池,10800,0,6
B,无人机,0,2,2
B,无人机,1754,2,2
B,无人机,1926,2,2
B,无人机,3785,2,2
B,无人机,3789,2,2
B,无人机,5539,2,2
B,无人机,5854,2,2
B,无人机,7376,1,2
B,无人机,7411,0,2
B,无人机,10800,0,2
B,电池,0,2,4
B,电池,1754,3,4
B,电池,1926,4,4
B,电池,3664,3,4
B,电池,3785,4,4
B,电池,3786,3,4
B,电池,3789,4,4
B,电池,5378,3,4
B,电池,5539,4,4
B,电池,5574,3,4
B,电池,5854,4,4
B,电池,7229,3,4
B,电池,7723,2,4
B,电池,8986,1,4
B,电池,9044,0,4
B,电池,10800,0,4
C,无人机,0,2,2
C,无人机,1498,2,2
C,无人机,1630,2,2
C,无人机,3060,1,2
C,无人机,3094,2,2
C,无人机,4245,2,2
C,无人机,4966,2,2
C,无人机,6934,1,2
C,无人机,7272,0,2
C,无人机,10800,0,2
C,电池,0,2,4
C,电池,1498,3,4
C,电池,1630,4,4
C,电池,3094,4,4
C,电池,3226,3,4
C,电池,4245,4,4
C,电池,4597,3,4
C,电池,4966,4,4
C,电池,6689,3,4
C,电池,6943,2,4
C,电池,9488,1,4
C,电池,9773,0,4
C,电池,10800,0,4
