架次编号,机型,无人机,电池,访问顺序,货箱编号,开始秒,返回秒,电池充满秒,质量kg,体积m3,能耗kWh,返航SOC%
R01,A,U01,A-B01,O01→S002→O01,"S002-WAT-01,S002-FOD-01",0,2000,3372,22.0,0.055,3.016913614547218,32.95747523228404
R02,A,U02,A-B02,O01→S013→O01,"S013-WAT-01,S013-FOD-01",0,1607,2692,22.0,0.055,2.0231251053892216,55.04166432468396
R03,B,U05,B-B01,O01→S010→O01,"S010-MED-01,S010-WAT-01,S010-FOD-01",0,1551,3007,25.0,0.067,1.8206749625487795,54.48312593628051
R04,B,U06,B-B02,O01→S014→O01,"S014-MED-01,S014-WAT-01,S014-FOD-01",0,1859,3452,25.0,0.067,2.1355334158542574,46.61166460364357
R05,C,U07,C-B01,O01→S001→O01,"S001-WAT-01,S001-WAT-02,S001-WAT-03,S001-WAT-04,S001-FOD-01,S001-HYG-01,S001-HYG-02",0,1564,3188,76.0,0.20600000000000002,2.9188599666983333,63.51425041627083
R06,C,U08,C-B02,O01→S006→O01,"S006-MED-01,S006-WAT-01,S006-WAT-02,S006-WAT-03,S006-FOD-01,S006-HYG-01",0,1562,3099,59.0,0.156,2.59774241897684,67.5282197627895
R07,A,U03,A-B03,O01→S007→S003→O01,"S007-MED-01,S003-MED-01,S003-WAT-04",0,2473,3846,20.0,0.051000000000000004,3.0202302656852966,32.88377187366007
R08,A,U04,A-B04,O01→S001→S009→S013→O01,"S001-MED-02,S009-WAT-01,S013-MED-01",0,2402,3703,20.0,0.051000000000000004,2.7713062910744597,38.415415753900895
R09,B,U05,B-B03,O01→S012→O01,"S012-MED-01,S012-WAT-01,S012-FOD-01",1551,3477,5337,25.0,0.067,2.752947602626505,31.176309934337375
R10,C,U08,C-B03,O01→S001→O01,"S001-MED-01,S001-WAT-05,S001-WAT-06,S001-WAT-07,S001-WAT-08,S001-FOD-02,S001-FOD-03",1562,3126,4740,75.0,0.176,2.882348778691463,63.9706402663567
R11,C,U07,C-B04,O01→S009→S002→O01,"S009-MED-01,S009-FOD-01,S002-MED-01,S002-WAT-02,S002-WAT-03,S002-WAT-04,S002-FOD-02,S002-HYG-01",1564,4054,6616,70.0,0.196,6.381009134250646,20.237385821866926
R12,B,U06,B-B04,O01→S007→O01,"S007-WAT-01,S007-WAT-02",1859,3418,4896,28.0,0.054,1.8717116069656452,53.20720982585887
R13,C,U08,C-B02,O01→S004→O01,"S004-MED-01,S004-WAT-01,S004-WAT-02,S004-WAT-03,S004-FOD-01,S004-HYG-01",3126,5432,7933,59.0,0.156,6.154566841621964,23.06791447972545
R14,B,U06,B-B01,O01→S008→O01,"S008-WAT-01,S008-HYG-01",3418,5323,7188,20.0,0.062,2.7642397302694737,30.89400674326316
R15,B,U05,B-B02,O01→S003→O01,"S003-WAT-01,S003-WAT-02",3477,5482,7419,28.0,0.054,2.929675362172162,26.75811594569595
R16,C,U07,C-B01,O01→S011→S007→S003→O01,"S011-MED-01,S011-WAT-01,S011-FOD-01,S007-FOD-01,S007-HYG-01,S003-WAT-03,S003-FOD-01,S003-FOD-02,S003-HYG-01",4054,7135,9700,75.0,0.248,6.3931282268444605,20.085897164444244
R17,B,U06,B-B04,O01→S008→O01,"S008-MED-01,S008-WAT-02,S008-FOD-01",5323,7288,9245,25.0,0.067,2.976042412010248,25.598939699743795
R18,C,U08,C-B03,O01→S005→O01,"S005-MED-01,S005-WAT-01,S005-WAT-02,S005-WAT-03,S005-FOD-01,S005-HYG-01",5432,7304,9281,59.0,0.156,4.219644207411931,47.25444740735087
R19,B,U05,B-B03,O01→S015→O01,"S015-MED-01,S015-WAT-01,S015-FOD-01",5482,7319,8987,25.0,0.067,2.3102237213281125,42.244406966797186
