运输架次编号,通信阶段,开始时刻（s）,结束时刻（s）,保障方式,中继架次编号
R01,爬升,390.0,542.0380493164063,直连,
R01,巡航,542.0380493164063,804.183735228364,直连,
R01,巡航,804.183735228364,804.183735228364,直连,
R01,巡航,804.183735228364,903.3427289872984,中继,J01
R01,下降,903.3427289872984,996.468388166986,中继,J01
R01,整数秒等待,996.468388166986,997.0,中继,J01
R01,交接,997.0,1237.0,中继,J01
R01,爬升,1237.0,1314.604715983073,中继,J01
R01,巡航,1314.604715983073,1413.7637097420074,中继,J01
R01,巡航,1413.7637097420074,1675.909395653965,直连,
R01,下降,1675.909395653965,1858.3550548336525,直连,
R01,整数秒等待,1858.3550548336525,1859.0,直连,
R02,爬升,480.0,575.2347094726563,直连,
R02,巡航,575.2347094726563,787.6514170260461,直连,
R02,下降,787.6514170260461,813.1448038668665,直连,
R02,整数秒等待,813.1448038668665,814.0,直连,
R02,交接,814.0,1210.0,直连,
R02,爬升,1210.0,1230.3947094726561,直连,
R02,巡航,1230.3947094726561,1442.811417026046,直连,
R02,下降,1442.811417026046,1561.8548038668664,直连,
R02,整数秒等待,1561.8548038668664,1562.0,直连,
R03,爬升,540.0,598.7815112304687,直连,
R03,巡航,598.7815112304687,802.3807580759678,直连,
R03,下降,802.3807580759678,847.7076471140538,直连,
R03,整数秒等待,847.7076471140538,848.0,直连,
R03,交接,848.0,1316.0,直连,
R03,爬升,1316.0,1352.2615112304688,直连,
R03,巡航,1352.2615112304688,1555.860758075968,直连,
R03,下降,1555.860758075968,1629.337647114054,直连,
R03,整数秒等待,1629.337647114054,1630.0,直连,
R04,爬升,390.0,444.3860666910807,直连,
R04,巡航,444.3860666910807,631.5926044771848,直连,
R04,下降,631.5926044771848,663.0958845064816,直连,
R04,整数秒等待,663.0958845064816,664.0,直连,
R04,交接,664.0,904.0,直连,
R04,爬升,904.0,930.2527333577474,直连,
R04,巡航,930.2527333577474,1117.4592711438513,直连,
R04,下降,1117.4592711438513,1182.722551173148,直连,
R04,整数秒等待,1182.722551173148,1183.0,直连,
R05,爬升,386.0,475.25511067708334,直连,
R05,巡航,475.25511067708334,804.2992760129946,直连,
R05,巡航,804.2992760129946,804.2992760129946,直连,
R05,巡航,804.2992760129946,879.3573641125467,中继,J01
R05,下降,879.3573641125467,896.8634969250468,中继,J01
R05,整数秒等待,896.8634969250468,897.0,中继,J01
R05,交接,897.0,1107.0,中继,J01
R05,爬升,1107.0,1121.5884440104167,中继,J01
R05,巡航,1121.5884440104167,1196.6465321099688,中继,J01
R05,巡航,1196.6465321099688,1525.69069744588,直连,
R05,下降,1525.69069744588,1632.79683025838,直连,
R05,整数秒等待,1632.79683025838,1633.0,直连,
R06,爬升,1353.0,1401.9845926920573,直连,
R06,巡航,1401.9845926920573,1656.4836512489312,直连,
R06,下降,1656.4836512489312,1692.7451624794,直连,
R06,整数秒等待,1692.7451624794,1693.0,直连,
R06,交接,1693.0,1873.0,直连,
R06,爬升,1873.0,1908.8995920817058,直连,
R06,巡航,1908.8995920817058,1983.874735021953,直连,
R06,巡航,1983.874735021953,1983.874735021953,直连,
R06,巡航,1983.874735021953,2129.8323322919896,中继,J02
R06,下降,2129.8323322919896,2154.5118427900366,中继,J02
R06,整数秒等待,2154.5118427900366,2155.0,中继,J02
R06,交接,2155.0,2335.0,中继,J02
R06,爬升,2335.0,2382.672434488932,中继,J02
R06,巡航,2382.672434488932,2650.2652343189434,中继,J02
R06,下降,2650.2652343189434,2658.792155705662,中继,J02
R06,整数秒等待,2658.792155705662,2659.0,中继,J02
R06,交接,2659.0,2839.0,中继,J02
R06,爬升,2839.0,2853.588444010417,中继,J02
R06,巡航,2853.588444010417,2928.646532109969,中继,J02
R06,巡航,2928.646532109969,3257.6906974458802,直连,
R06,下降,3257.6906974458802,3364.7968302583804,直连,
R06,整数秒等待,3364.7968302583804,3365.0,直连,
R07,爬升,1628.0,1723.537489827474,直连,
R07,巡航,1723.537489827474,1986.6909683711167,直连,
R07,巡航,1986.6909683711167,1986.6909683711167,直连,
R07,巡航,1986.6909683711167,2216.23403824536,中继,J02
R07,下降,2216.23403824536,2270.0390260383288,中继,J02
R07,整数秒等待,2270.0390260383288,2271.0,中继,J02
R07,交接,2271.0,2511.0,中继,J02
R07,爬升,2511.0,2555.8374898274737,中继,J02
R07,巡航,2555.8374898274737,2785.380559701717,中继,J02
R07,巡航,2785.380559701717,3048.5340382453596,直连,
R07,下降,3048.5340382453596,3163.179026038328,直连,
R07,整数秒等待,3163.179026038328,3164.0,直连,
R08,爬升,2042.0,2100.781511230469,直连,
R08,巡航,2100.781511230469,2304.380758075968,直连,
R08,下降,2304.380758075968,2349.707647114054,直连,
R08,整数秒等待,2349.707647114054,2350.0,直连,
R08,交接,2350.0,2746.0,直连,
R08,爬升,2746.0,2782.261511230469,直连,
R08,巡航,2782.261511230469,2985.860758075968,直连,
R08,下降,2985.860758075968,3059.337647114054,直连,
R08,整数秒等待,3059.337647114054,3060.0,直连,
R09,爬升,2170.0,2235.599510498047,直连,
R09,巡航,2235.599510498047,2499.1778020252327,直连,
R09,巡航,2499.1778020252327,2499.1778020252327,直连,
R09,巡航,2499.1778020252327,2615.942765141014,中继,J02
R09,下降,2615.942765141014,2646.792153263573,中继,J02
R09,整数秒等待,2646.792153263573,2647.0,中继,J02
R09,交接,2647.0,2899.0,中继,J02
R09,爬升,2899.0,2937.4684936523436,中继,J02
R09,巡航,2937.4684936523436,3052.4376393493526,中继,J02
R09,下降,3052.4376393493526,3105.7732564147823,中继,J02
R09,整数秒等待,3105.7732564147823,3106.0,中继,J02
R09,交接,3106.0,3502.0,中继,J02
R09,爬升,3502.0,3536.641845703125,中继,J02
R09,巡航,3536.641845703125,3767.1874658121856,中继,J02
R09,巡航,3767.1874658121856,4030.7290262936795,直连,
R09,下降,4030.7290262936795,4119.931333422585,直连,
R09,整数秒等待,4119.931333422585,4120.0,直连,
R10,爬升,2249.0,2350.241103108724,直连,
R10,巡航,2350.241103108724,2613.315049437237,直连,
R10,巡航,2613.315049437237,2613.315049437237,直连,
R10,巡航,2613.315049437237,2669.206094863317,中继,J02
R10,下降,2669.206094863317,2701.1354185937857,中继,J02
R10,整数秒等待,2701.1354185937857,2702.0,中继,J02
R10,交接,2702.0,2942.0,中继,J02
R10,爬升,2942.0,2968.607769775391,中继,J02
R10,巡航,2968.607769775391,3024.4988152014707,中继,J02
R10,巡航,3024.4988152014707,3287.572761529984,直连,
R10,下降,3287.572761529984,3409.0620852604525,直连,
R10,整数秒等待,3409.0620852604525,3410.0,直连,
R11,爬升,2535.0,2594.4682047526044,直连,
R11,巡航,2594.4682047526044,2923.895155354472,直连,
R11,巡航,2923.895155354472,2923.895155354472,直连,
R11,巡航,2923.895155354472,3212.0771804907977,中继,J02
R11,下降,3212.0771804907977,3246.7190261939227,中继,J02
R11,整数秒等待,3246.7190261939227,3247.0,中继,J02
R11,交接,3247.0,3457.0,中继,J02
R11,爬升,3457.0,3485.868204752604,中继,J02
R11,巡航,3485.868204752604,3774.0502298889296,中继,J02
R11,巡航,3774.0502298889296,4103.477180490797,直连,
R11,下降,4103.477180490797,4174.839026193922,直连,
R11,整数秒等待,4174.839026193922,4175.0,直连,
R12,爬升,2827.0,2951.035557047526,直连,
R12,巡航,2951.035557047526,3279.418564993329,直连,
R12,巡航,3279.418564993329,3279.418564993329,直连,
R12,巡航,3279.418564993329,3328.912890020662,中继,J03
R12,下降,3328.912890020662,3389.435558477693,中继,J03
R12,整数秒等待,3389.435558477693,3390.0,中继,J03
R12,交接,3390.0,3600.0,中继,J03
R12,爬升,3600.0,3650.435557047526,中继,J03
R12,巡航,3650.435557047526,3699.929882074859,中继,J03
R12,巡航,3699.929882074859,4028.312890020662,直连,
R12,下降,4028.312890020662,4177.155558477693,直连,
R12,整数秒等待,4177.155558477693,4178.0,直连,
R13,爬升,2827.0,2951.035557047526,直连,
R13,巡航,2951.035557047526,3279.418564993329,直连,
R13,巡航,3279.418564993329,3279.418564993329,直连,
R13,巡航,3279.418564993329,3328.912890020662,中继,J03
R13,下降,3328.912890020662,3389.435558477693,中继,J03
R13,整数秒等待,3389.435558477693,3390.0,中继,J03
R13,交接,3390.0,3600.0,中继,J03
R13,爬升,3600.0,3650.435557047526,中继,J03
R13,巡航,3650.435557047526,3699.929882074859,中继,J03
R13,巡航,3699.929882074859,4028.312890020662,直连,
R13,下降,4028.312890020662,4177.155558477693,直连,
R13,整数秒等待,4177.155558477693,4178.0,直连,
R14,爬升,3579.0,3657.1385546875,直连,
R14,巡航,3657.1385546875,3920.632432661607,直连,
R14,巡航,3920.632432661607,3920.632432661607,直连,
R14,巡航,3920.632432661607,4009.181333985172,中继,J03
R14,下降,4009.181333985172,4073.204527344547,中继,J03
R14,整数秒等待,4073.204527344547,4074.0,中继,J03
R14,交接,4074.0,4470.0,中继,J03
R14,爬升,4470.0,4521.2185546875,中继,J03
R14,巡航,4521.2185546875,4609.767456011065,中继,J03
R14,巡航,4609.767456011065,4873.261333985172,直连,
R14,下降,4873.261333985172,4970.934527344547,直连,
R14,整数秒等待,4970.934527344547,4971.0,直连,
R15,爬升,3554.0,3694.9448486328124,直连,
R15,巡航,3694.9448486328124,3957.327106020589,直连,
R15,巡航,3957.327106020589,3957.327106020589,直连,
R15,巡航,3957.327106020589,4179.166696443287,中继,J03
R15,下降,4179.166696443287,4263.980514802662,中继,J03
R15,整数秒等待,4263.980514802662,4264.0,中继,J03
R15,交接,4264.0,4504.0,中继,J03
R15,爬升,4504.0,4574.6781819661455,中继,J03
R15,巡航,4574.6781819661455,4796.517772388845,中继,J03
R15,巡航,4796.517772388845,5058.900029776621,直连,
R15,下降,5058.900029776621,5228.033848135996,直连,
R15,整数秒等待,5228.033848135996,5229.0,直连,
R16,爬升,3842.0,3991.6240275065106,直连,
R16,巡航,3991.6240275065106,4253.822810717376,直连,
R16,巡航,4253.822810717376,4253.822810717376,直连,
R16,巡航,4253.822810717376,4392.2555322500575,中继,J03
R16,下降,4392.2555322500575,4433.08436525787,中继,J03
R16,整数秒等待,4433.08436525787,4434.0,中继,J03
R16,交接,4434.0,4674.0,中继,J03
R16,爬升,4674.0,4708.024027506511,中继,J03
R16,巡航,4708.024027506511,4846.456749039192,中继,J03
R16,巡航,4846.456749039192,5108.655532250058,直连,
R16,下降,5108.655532250058,5288.20436525787,直连,
R16,整数秒等待,5288.20436525787,5289.0,直连,
R17,爬升,4600.0,4748.842668457031,直连,
R17,巡航,4748.842668457031,5011.5490748136735,直连,
R17,巡航,5011.5490748136735,5011.5490748136735,直连,
R17,巡航,5011.5490748136735,5051.14453483554,中继,J03
R17,下降,5051.14453483554,5126.797870406829,中继,J03
R17,整数秒等待,5126.797870406829,5127.0,中继,J03
R17,交接,5127.0,5343.0,中继,J03
R17,爬升,5343.0,5371.05859375,中继,J03
R17,巡航,5371.05859375,5553.3480376532625,中继,J03
R17,下降,5553.3480376532625,5593.4212798407625,中继,J03
R17,整数秒等待,5593.4212798407625,5594.0,中继,J03
R17,交接,5594.0,5954.0,中继,J03
R17,爬升,5954.0,6038.813818359375,中继,J03
R17,巡航,6038.813818359375,6260.653408782074,中继,J03
R17,巡航,6260.653408782074,6523.03566616985,直连,
R17,下降,6523.03566616985,6734.452939119068,直连,
R17,整数秒等待,6734.452939119068,6735.0,直连,
R18,爬升,5451.0,5560.103703613281,直连,
R18,巡航,5560.103703613281,5939.714726592789,直连,
R18,巡航,5939.714726592789,5939.714726592789,直连,
R18,巡航,5939.714726592789,6074.41898728283,中继,J02
R18,下降,6074.41898728283,6160.498616799432,中继,J02
R18,整数秒等待,6160.498616799432,6161.0,中继,J02
R18,交接,6161.0,6557.0,中继,J02
R18,爬升,6557.0,6625.863703613281,中继,J02
R18,巡航,6625.863703613281,6760.567964303323,中继,J02
R18,巡航,6760.567964303323,7140.17898728283,直连,
R18,下降,7140.17898728283,7276.558616799432,直连,
R18,整数秒等待,7276.558616799432,7277.0,直连,
R19,爬升,5619.0,5701.210524495443,直连,
R19,巡航,5701.210524495443,6029.136557526221,直连,
R19,巡航,6029.136557526221,6029.136557526221,直连,
R19,巡航,6029.136557526221,6239.818167750721,中继,J03
R19,下降,6239.818167750721,6281.190797145252,中继,J03
R19,整数秒等待,6281.190797145252,6282.0,中继,J03
R19,交接,6282.0,6522.0,中继,J03
R19,爬升,6522.0,6556.477191162109,中继,J03
R19,巡航,6556.477191162109,6677.0,中继,J03
R19,巡航,6677.0,6677.0,中继,J03
R19,巡航,6677.0,6767.158801386609,中继,J02
R19,巡航,6767.158801386609,7095.084834417387,直连,
R19,下降,7095.084834417387,7193.737463811919,直连,
R19,整数秒等待,7193.737463811919,7194.0,直连,
R20,爬升,5649.0,5731.210524495443,直连,
R20,巡航,5731.210524495443,6059.136557526221,直连,
R20,巡航,6059.136557526221,6059.136557526221,直连,
R20,巡航,6059.136557526221,6269.818167750721,中继,J03
R20,下降,6269.818167750721,6311.190797145252,中继,J03
R20,整数秒等待,6311.190797145252,6312.0,中继,J03
R20,交接,6312.0,6522.0,中继,J03
R20,爬升,6522.0,6556.477191162109,中继,J03
R20,巡航,6556.477191162109,6677.0,中继,J03
R20,巡航,6677.0,6677.0,中继,J03
R20,巡航,6677.0,6767.158801386609,中继,J02
R20,巡航,6767.158801386609,7095.084834417387,直连,
R20,下降,7095.084834417387,7193.737463811919,直连,
R20,整数秒等待,7193.737463811919,7194.0,直连,
