货箱编号,服务区,架次编号,送达秒,硬截止秒,期望送达秒,优先系数,归一化加权延误
S014-MED-01,S014,R01,1237,3600.0,7200,22,0.0
S014-WAT-01,S014,R01,1237,3600.0,3600,12,0.0
S014-FOD-01,S014,R01,1237,,7200,10,0.0
S006-MED-01,S006,R02,1210,3600.0,3600,24,0.0
S006-WAT-01,S006,R02,1210,3600.0,3600,12,0.0
S006-WAT-02,S006,R02,1210,,3600,12,0.0
S006-WAT-03,S006,R02,1210,,3600,12,0.0
S006-FOD-01,S006,R02,1210,,7200,10,0.0
S006-HYG-01,S006,R02,1210,,10800,8,0.0
S001-MED-01,S001,R03,1316,3600.0,3600,24,0.0
S001-WAT-06,S001,R03,1316,,3600,12,0.0
S001-WAT-07,S001,R03,1316,,3600,12,0.0
S001-WAT-08,S001,R03,1316,,3600,12,0.0
S001-FOD-01,S001,R03,1316,,7200,10,0.0
S001-FOD-02,S001,R03,1316,,7200,10,0.0
S001-FOD-03,S001,R03,1316,,7200,10,0.0
S001-HYG-02,S001,R03,1316,,10800,8,0.0
S011-MED-01,S011,R04,904,10800.0,10800,16,0.0
S011-WAT-01,S011,R04,904,10800.0,10800,8,0.0
S011-FOD-01,S011,R04,904,,14400,6,0.0
S013-WAT-01,S013,R05,1107,3600.0,3600,12,0.0
S013-FOD-01,S013,R05,1107,,7200,10,0.0
S001-MED-02,S001,R06,1873,3600.0,3600,24,0.0
S009-WAT-01,S009,R06,2335,10800.0,10800,8,0.0
S013-MED-01,S013,R06,2839,3600.0,3600,24,0.0
S012-MED-01,S012,R07,2511,3600.0,7200,22,0.0
S012-WAT-01,S012,R07,2511,3600.0,3600,12,0.0
S012-FOD-01,S012,R07,2511,,7200,10,0.0
S001-WAT-01,S001,R08,2746,3600.0,3600,12,0.0
S001-WAT-02,S001,R08,2746,,3600,12,0.0
S001-WAT-03,S001,R08,2746,,3600,12,0.0
S001-WAT-04,S001,R08,2746,,3600,12,0.0
S001-WAT-05,S001,R08,2746,,3600,12,0.0
S001-HYG-01,S001,R08,2746,,10800,8,0.0
S009-MED-01,S009,R09,2899,10800.0,10800,16,0.0
S009-FOD-01,S009,R09,2899,,14400,6,0.0
S002-MED-01,S002,R09,3502,3600.0,3600,24,0.0
S002-WAT-02,S002,R09,3502,,3600,12,0.0
S002-WAT-03,S002,R09,3502,,3600,12,0.0
S002-WAT-04,S002,R09,3502,,3600,12,0.0
S002-FOD-02,S002,R09,3502,,7200,10,0.0
S002-HYG-01,S002,R09,3502,,10800,8,0.0
S010-MED-01,S010,R10,2942,3600.0,3600,24,0.0
S010-WAT-01,S010,R10,2942,3600.0,3600,12,0.0
S010-FOD-01,S010,R10,2942,,7200,10,0.0
S002-WAT-01,S002,R11,3457,3600.0,3600,12,0.0
S002-FOD-01,S002,R11,3457,,7200,10,0.0
S007-WAT-02,S007,R12,3600,,3600,12,0.0
S007-FOD-01,S007,R12,3600,,7200,10,0.0
S007-MED-01,S007,R13,3600,3600.0,3600,24,0.0
S007-WAT-01,S007,R13,3600,3600.0,3600,12,0.0
S005-MED-01,S005,R14,4470,10800.0,10800,16,0.0
S005-WAT-01,S005,R14,4470,10800.0,10800,8,0.0
S005-WAT-02,S005,R14,4470,,10800,8,0.0
S005-WAT-03,S005,R14,4470,,10800,8,0.0
S005-FOD-01,S005,R14,4470,,14400,6,0.0
S005-HYG-01,S005,R14,4470,,18000,4,0.0
S003-MED-01,S003,R15,4504,7200.0,7200,20,0.0
S003-WAT-01,S003,R15,4504,7200.0,7200,10,0.0
S003-FOD-01,S003,R15,4504,,10800,8,0.0
S015-MED-01,S015,R16,4674,7200.0,7200,18,0.0
S015-WAT-01,S015,R16,4674,10800.0,10800,8,0.0
S015-FOD-01,S015,R16,4674,,14400,6,0.0
S007-HYG-01,S007,R17,5343,,10800,8,0.0
S003-WAT-02,S003,R17,5954,,7200,10,0.0
S003-WAT-03,S003,R17,5954,,7200,10,0.0
S003-WAT-04,S003,R17,5954,,7200,10,0.0
S003-FOD-02,S003,R17,5954,,10800,8,0.0
S003-HYG-01,S003,R17,5954,,14400,6,0.0
S004-MED-01,S004,R18,6557,7200.0,7200,20,0.0
S004-WAT-01,S004,R18,6557,7200.0,7200,10,0.0
S004-WAT-02,S004,R18,6557,,7200,10,0.0
S004-WAT-03,S004,R18,6557,,7200,10,0.0
S004-FOD-01,S004,R18,6557,,10800,8,0.0
S004-HYG-01,S004,R18,6557,,14400,6,0.0
S008-MED-01,S008,R19,6522,7200.0,7200,20,0.0
S008-WAT-02,S008,R19,6522,,7200,10,0.0
S008-FOD-01,S008,R19,6522,,10800,8,0.0
S008-WAT-01,S008,R20,6522,7200.0,7200,10,0.0
S008-HYG-01,S008,R20,6522,,14400,6,0.0
