方案,运输架次,全部返航秒,末箱交付秒,一小时紧急17箱末箱秒,一小时紧急17箱平均秒,最小硬截止余量秒,总能耗kWh,延误
全局认证_冻结最终十九架次,19,7319,6803,3436,1729.6470588235295,164,61.93992366496702,0.0
全局认证_十九至十八架次末轮_候选001_时序优化,19,7539,7038,3502,1984.764705882353,98,62.623191155918356,0.0
全局认证_十九至十八架次末轮_候选001,19,7539,7038,3502,1984.764705882353,98,62.623191155918356,0.0
全局认证_十九至十八架次末轮_候选002_时序优化,19,7539,7038,3502,1881.8823529411766,98,62.3790366488888,0.0
全局认证_十九至十八架次末轮_候选002,19,7540,7039,3502,1882.0588235294117,98,62.3790366488888,0.0
全局认证_十九至十八架次末轮_候选003_时序优化,19,7319,6804,3600,1732.0,0,62.04386074895376,0.0
全局认证_十九至十八架次末轮_候选003,19,7528,6913,3436,1828.764705882353,164,62.04386074895376,0.0
全局认证_十九至十八架次末轮_候选004_时序优化,19,7319,6818,3502,1822.2941176470588,98,61.94973986413329,0.0
全局认证_十九至十八架次末轮_候选004,19,7371,6870,3436,1829.5294117647059,164,61.949739864133285,0.0
全局认证_十九至十八架次末轮_候选005_时序优化,19,7319,6803,3436,1729.6470588235295,164,61.93992366496702,0.0
全局认证_十九至十八架次末轮_候选005,19,7528,6913,3436,1825.7058823529412,164,61.939923664967026,0.0
全局认证_弧模型_物理可行,22,7529,7228,3194,2197.9411764705883,355,65.06359878279304,0.0
全局认证_集成列池CP_二轮_候选001,22,7559,7048,3596,2016.4117647058824,4,63.22015001410731,0.0
全局认证_集成列池CP_二轮_候选002,22,7559,7048,3596,1917.5294117647059,4,63.2005480595867,0.0
全局认证_集成列池CP_二轮_候选003,22,7559,7064,3596,1913.1764705882354,4,63.10499090940361,0.0
全局认证_集成列池CP_二轮_候选004,22,7549,7068,3600,1955.1176470588234,0,63.003353156402845,0.0
全局认证_集成列池CP_二轮_候选005,22,7549,7048,3600,1952.6470588235295,0,62.99930976871507,0.0
全局认证_集成列池CP_二轮_候选006,22,7550,6974,3527,1958.2941176470588,73,62.969487142426324,0.0
全局认证_集成列池CP_二轮_候选007,22,7550,6974,3587,2085.470588235294,13,62.96197155447842,0.0
全局认证_集成列池CP_二轮_候选008,19,7554,7053,3502,1939.5882352941176,98,62.90075525625749,0.0
全局认证_集成列池CP_二轮_候选009,19,7554,7053,3502,1967.4117647058824,98,62.650019245786716,0.0
全局认证_集成列池CP_二轮_候选010,19,7554,7053,3502,1967.4705882352941,98,62.63904333161783,0.0
全局认证_集成列池CP_二轮_候选011_时序优化,19,7539,7038,3502,1984.764705882353,98,62.623191155918356,0.0
全局认证_集成列池CP_二轮_候选011,19,7539,7038,3502,1984.764705882353,98,62.623191155918356,0.0
全局认证_集成列池CP_二轮_候选012,21,7549,7048,3519,2071.294117647059,81,62.49045206964107,0.0
全局认证_集成列池CP_候选001,22,7529,7228,3194,1983.8823529411766,355,65.06359878279304,0.0
全局认证_集成列池CP_候选002,22,7522,7021,3194,1983.8823529411766,355,64.982904161954,0.0
全局认证_集成列池CP_候选003,22,7523,7022,3194,1983.8823529411766,355,64.93390652528657,0.0
全局认证_集成列池CP_候选004,21,7460,6944,3194,1983.8823529411766,355,64.15144435362406,0.0
全局认证_集成列池CP_候选005,21,7460,6944,3194,1939.5882352941176,355,64.06773031762745,0.0
全局认证_集成列池CP_候选006,21,7411,6944,3304,2031.7058823529412,296,64.06151936321264,0.0
全局认证_集成列池CP_候选007,21,7411,6944,3194,1937.2941176470588,406,63.8021014493842,0.0
全局认证_集成列池CP_候选008,21,7411,6944,3194,2028.1764705882354,406,63.80111164969404,0.0
全局认证_集成列池CP_候选009,21,7411,6944,3411,2154.235294117647,189,63.79149591369071,0.0
全局认证_集成列池CP_候选010,21,7411,6944,3411,2147.8823529411766,189,63.74620342442837,0.0
全局认证_集成列池CP_候选011,22,7549,7048,3459,2045.0588235294117,141,63.42587435682436,0.0
全局认证_集成列池CP_候选012,22,7549,7048,3459,1930.4117647058824,141,63.33242170576489,0.0
全局认证_集成列池CP_候选013,22,7549,7048,3459,2022.4117647058824,141,63.3300375249428,0.0
全局认证_集成列池CP_候选014,22,7559,7048,3596,2016.4117647058824,4,63.22015001410731,0.0
全局认证_集成列池CP_候选015,22,7559,7048,3596,1936.4705882352941,4,63.219412107749235,0.0
全局认证_集成列池CP_候选016,22,7549,7122,3579,2012.9411764705883,21,63.18207389351257,0.0
全局认证_集成列池CP_候选017,21,7549,7122,3579,1959.5294117647059,21,62.887638191498205,0.0
全局认证_集成列池CP_候选018,21,7549,7048,3163,1825.0,437,62.85731976719004,0.0
全局认证_集成列池CP_候选019,21,7549,7048,3163,1737.5882352941176,437,62.83939266082216,0.0
全局认证_集成列池CP_候选020,20,7553,7052,3568,1980.5882352941176,32,62.79311683544592,0.0
全局认证_集成列池CP_候选021,21,7549,7048,3163,1943.5882352941176,437,62.715147839868806,0.0
全局认证_集成列池CP_候选022,21,7443,7118,3575,2019.8235294117646,25,62.50988783492825,0.0
全局认证_集成列池CP_候选023_时序优化,21,7407,6940,3575,2015.9411764705883,25,62.433723684946514,0.0
全局认证_集成列池CP_候选023,21,7443,7118,3575,2015.9411764705883,25,62.43372368494651,0.0
认证_路线池_候选,22,7559,7058,3182,2286.1176470588234,401,65.42764376149145,0.0
问题二_真正时间优先_22架次,22,6899,6227,3370,2020.235294117647,230,63.54158526319967,0.0
