架次编号,起点,终点,剩余载荷kg,距离m,巡航海拔m,爬升m,下降m,飞行秒,航段能耗kWh
R01,O01,S002,22.0,7411.307708858319,306.1046142578125,178.4046142578125,86.6046142578125,712,1.6599418535619819
R01,S002,O01,0.0,7411.307708858319,306.1046142578125,86.6046142578125,178.4046142578125,718,1.3569717609852365
R02,O01,S012,25.0,7390.448226268289,414.3124694824219,286.6124694824219,134.51246948242186,643,1.6640895831702625
R02,S012,O01,0.0,7390.448226268289,414.3124694824219,134.51246948242186,286.6124694824219,653,1.0888580194562423
R03,O01,S014,25.0,5419.570195063381,583.8141479492188,456.11414794921876,232.81414794921875,607,1.3040547634778241
R03,S014,O01,0.0,5419.570195063381,583.8141479492188,232.81414794921875,456.11414794921876,622,0.8314786523764335
R04,O01,S001,75.0,3053.9887026824867,274.6537780761719,146.9537780761719,90.65377807617188,308,1.9186854910371796
R04,S001,O01,0.0,3053.9887026824867,274.6537780761719,90.65377807617188,146.9537780761719,314,0.9636632876542838
R05,O01,S006,56.0,3186.2506133008483,365.7867736816406,238.08677368164064,50.986773681640614,334,1.5453726609371996
R05,S006,O01,0.0,3186.2506133008483,365.7867736816406,50.986773681640614,238.08677368164064,352,0.993868855074182
R06,O01,S001,20.0,3053.9887026824867,274.6537780761719,146.9537780761719,90.65377807617188,340,0.691564680185668
R06,S001,S009,17.0,2651.1928825234054,291.6987762451172,107.69877624511719,61.69877624511719,282,0.5729437872127029
R06,S009,S013,3.0,3211.1135979601368,373.0173034667969,143.01730346679688,21.317303466796886,324,0.6223461420056818
R06,S013,O01,0.0,4849.22704122556,395.46533203125,43.76533203125001,267.76533203125,526,0.8844516816704072
R07,O01,S011,15.0,2808.0980667915605,290.8582000732422,163.1582000732422,78.7582000732422,320,0.6097257320994441
R07,S011,S005,12.0,2802.7378335194367,344.9771728515625,132.8771728515625,149.9771728515625,338,0.5816617084592179
R07,S005,S015,9.0,3754.979831193437,615.3863525390625,420.3863525390625,140.8863525390625,510,0.8320631072914236
R07,S015,S007,6.0,2219.4120363524676,497.323486328125,22.823486328125,148.823486328125,253,0.4156772168086971
R07,S007,S006,3.0,2507.4971645732844,598.6358642578125,250.1358642578125,283.8358642578125,406,0.5242185155913326
R07,S006,O01,0.0,3186.2506133008483,365.7867736816406,50.986773681640614,238.08677368164064,378,0.5870284518635795
R08,O01,S013,22.0,4849.22704122556,395.46533203125,267.76533203125,43.76533203125001,511,1.1386734237188145
R08,S013,O01,0.0,4849.22704122556,395.46533203125,43.76533203125001,267.76533203125,526,0.8844516816704072
R09,O01,S001,76.0,3053.9887026824867,274.6537780761719,146.9537780761719,90.65377807617188,308,1.9551966790440496
R09,S001,O01,0.0,3053.9887026824867,274.6537780761719,90.65377807617188,146.9537780761719,314,0.9636632876542838
R10,O01,S009,70.0,5705.14881964451,291.6987762451172,163.9987762451172,61.69877624511719,477,3.2255603445711323
R10,S009,S002,59.0,1724.537185455136,326.1712341308594,96.17123413085938,106.67123413085938,207,0.8521428105800694
R10,S002,O01,0.0,7411.307708858319,306.1046142578125,86.6046142578125,178.4046142578125,618,2.303305979099444
R11,O01,S010,25.0,4784.474876318895,431.4233093261719,303.7233093261719,79.82330932617185,453,1.117548169058801
R11,S010,O01,0.0,4784.474876318895,431.4233093261719,79.82330932617185,303.7233093261719,468,0.7031267934899785
R12,O01,S007,28.0,4534.527995677632,499.8066711425781,372.10667114257814,151.30667114257812,487,1.1867121125001807
R12,S007,O01,0.0,4534.527995677632,499.8066711425781,151.30667114257812,372.10667114257814,502,0.6849994944654645
R13,O01,S004,59.0,7714.729255043233,400.4592590332031,272.75925903320314,172.1592590332031,710,3.7352744563885385
R13,S004,O01,0.0,7714.729255043233,400.4592590332031,172.1592590332031,272.75925903320314,720,2.4192923852334256
R14,O01,S003,28.0,7263.32771715712,550.5345458984375,422.8345458984375,212.0345458984375,710,1.8399129588123935
R14,S003,O01,0.0,7263.32771715712,550.5345458984375,212.0345458984375,422.8345458984375,725,1.0897624033597684
R15,O01,S008,25.0,8079.114648829173,374.3315734863281,246.63157348632814,103.43157348632815,663,1.7964469802408352
R15,S008,O01,0.0,8079.114648829173,374.3315734863281,103.43157348632815,246.63157348632814,672,1.179595431769413
R16,O01,S007,67.0,4534.527995677632,499.8066711425781,372.10667114257814,151.30667114257812,527,2.568407680740669
R16,S007,S003,53.0,2734.341658548931,418.646484375,70.146484375,80.146484375,251,1.218194573440428
R16,S003,O01,0.0,7263.32771715712,550.5345458984375,212.0345458984375,422.8345458984375,781,2.290945092168459
R17,O01,S011,78.0,2808.0980667915605,290.8582000732422,163.1582000732422,78.7582000732422,292,1.8853658653684782
R17,S011,S005,56.0,2802.7378335194367,344.9771728515625,132.8771728515625,149.9771728515625,315,1.3228995621338964
R17,S005,O01,0.0,5280.641689465082,323.04638671875,128.04638671875,195.34638671875,501,1.6586761980031222
R18,O01,S008,20.0,8079.114648829173,374.3315734863281,246.63157348632814,103.43157348632815,663,1.5846442985000606
R18,S008,O01,0.0,8079.114648829173,374.3315734863281,103.43157348632815,246.63157348632814,672,1.179595431769413
R19,O01,S015,22.0,6009.472571153206,576.5720825195312,448.87208251953126,102.07208251953125,592,1.3223853391115843
R19,S015,O01,0.0,6009.472571153206,576.5720825195312,102.07208251953125,448.87208251953126,615,0.8835979478057421
