route,model,stage,from_node,to_node,start_s,end_s,p0_east,p0_north,p0_z,p1_east,p1_north,p1_z,case
R01,A,爬升,O01,S002,360.0,419.46820475260415,318686.20128461556,2545556.1393129765,127.7,318686.20128461556,2545556.1393129765,306.1046142578125,19架次
R01,A,巡航,O01,S002,419.46820475260415,1037.0771804907972,318686.20128461556,2545556.1393129765,306.1046142578125,321607.16649195924,2552367.5594448484,306.1046142578125,19架次
R01,A,下降,O01,S002,1037.0771804907972,1071.7190261939222,321607.16649195924,2552367.5594448484,306.1046142578125,321607.16649195924,2552367.5594448484,219.5,19架次
R01,A,爬升,S002,O01,1282.0,1310.8682047526042,321607.16649195924,2552367.5594448484,219.5,321607.16649195924,2552367.5594448484,306.1046142578125,19架次
R01,A,巡航,S002,O01,1310.8682047526042,1928.4771804907973,321607.16649195924,2552367.5594448484,306.1046142578125,318686.20128461556,2545556.1393129765,306.1046142578125,19架次
R01,A,下降,S002,O01,1928.4771804907973,1999.8390261939223,318686.20128461556,2545556.1393129765,306.1046142578125,318686.20128461556,2545556.1393129765,127.7,19架次
R02,A,爬升,O01,S013,360.0,449.25511067708334,318686.20128461556,2545556.1393129765,127.7,318686.20128461556,2545556.1393129765,395.46533203125,19架次
R02,A,巡航,O01,S013,449.25511067708334,853.3573641125467,318686.20128461556,2545556.1393129765,395.46533203125,322870.6029592571,2548006.809736067,395.46533203125,19架次
R02,A,下降,O01,S013,853.3573641125467,870.8634969250468,322870.6029592571,2548006.809736067,395.46533203125,322870.6029592571,2548006.809736067,351.7,19架次
R02,A,爬升,S013,O01,1081.0,1095.5884440104167,322870.6029592571,2548006.809736067,351.7,322870.6029592571,2548006.809736067,395.46533203125,19架次
R02,A,巡航,S013,O01,1095.5884440104167,1499.69069744588,322870.6029592571,2548006.809736067,395.46533203125,318686.20128461556,2545556.1393129765,395.46533203125,19架次
R02,A,下降,S013,O01,1499.69069744588,1606.79683025838,318686.20128461556,2545556.1393129765,395.46533203125,318686.20128461556,2545556.1393129765,127.7,19架次
R03,B,爬升,O01,S010,390.0,491.24110310872396,318686.20128461556,2545556.1393129765,127.7,318686.20128461556,2545556.1393129765,431.4233093261719,19架次
R03,B,巡航,O01,S010,491.24110310872396,810.206094863317,318686.20128461556,2545556.1393129765,431.4233093261719,323330.19537213724,2546707.016698796,431.4233093261719,19架次
R03,B,下降,O01,S010,810.206094863317,842.1354185937857,323330.19537213724,2546707.016698796,431.4233093261719,323330.19537213724,2546707.016698796,351.6,19架次
R03,B,爬升,S010,O01,1083.0,1109.6077697753906,323330.19537213724,2546707.016698796,351.6,323330.19537213724,2546707.016698796,431.4233093261719,19架次
R03,B,巡航,S010,O01,1109.6077697753906,1428.5727615299836,323330.19537213724,2546707.016698796,431.4233093261719,318686.20128461556,2545556.1393129765,431.4233093261719,19架次
R03,B,下降,S010,O01,1428.5727615299836,1550.0620852604525,318686.20128461556,2545556.1393129765,431.4233093261719,318686.20128461556,2545556.1393129765,127.7,19架次
R04,B,爬升,O01,S014,390.0,542.0380493164063,318686.20128461556,2545556.1393129765,127.7,318686.20128461556,2545556.1393129765,583.8141479492188,19架次
R04,B,巡航,O01,S014,542.0380493164063,903.3427289872984,318686.20128461556,2545556.1393129765,583.8141479492188,324088.7095661731,2545126.435499959,583.8141479492188,19架次
R04,B,下降,O01,S014,903.3427289872984,996.468388166986,324088.7095661731,2545126.435499959,583.8141479492188,324088.7095661731,2545126.435499959,351.0,19架次
R04,B,爬升,S014,O01,1237.0,1314.604715983073,324088.7095661731,2545126.435499959,351.0,324088.7095661731,2545126.435499959,583.8141479492188,19架次
R04,B,巡航,S014,O01,1314.604715983073,1675.909395653965,324088.7095661731,2545126.435499959,583.8141479492188,318686.20128461556,2545556.1393129765,583.8141479492188,19架次
R04,B,下降,S014,O01,1675.909395653965,1858.3550548336525,318686.20128461556,2545556.1393129765,583.8141479492188,318686.20128461556,2545556.1393129765,127.7,19架次
R05,C,爬升,O01,S001,510.0,568.7815112304687,318686.20128461556,2545556.1393129765,127.7,318686.20128461556,2545556.1393129765,274.6537780761719,19架次
R05,C,巡航,O01,S001,568.7815112304687,772.3807580759678,318686.20128461556,2545556.1393129765,274.6537780761719,319988.5998724001,2548318.4942710963,274.6537780761719,19架次
R05,C,下降,O01,S001,772.3807580759678,817.7076471140538,319988.5998724001,2548318.4942710963,274.6537780761719,319988.5998724001,2548318.4942710963,184.0,19架次
R05,C,爬升,S001,O01,1250.0,1286.2615112304688,319988.5998724001,2548318.4942710963,184.0,319988.5998724001,2548318.4942710963,274.6537780761719,19架次
R05,C,巡航,S001,O01,1286.2615112304688,1489.860758075968,319988.5998724001,2548318.4942710963,274.6537780761719,318686.20128461556,2545556.1393129765,274.6537780761719,19架次
R05,C,下降,S001,O01,1489.860758075968,1563.337647114054,318686.20128461556,2545556.1393129765,274.6537780761719,318686.20128461556,2545556.1393129765,127.7,19架次
R06,C,爬升,O01,S006,480.0,575.2347094726563,318686.20128461556,2545556.1393129765,127.7,318686.20128461556,2545556.1393129765,365.7867736816406,19架次
R06,C,巡航,O01,S006,575.2347094726563,787.6514170260461,318686.20128461556,2545556.1393129765,365.7867736816406,315500.3321692017,2545506.834645732,365.7867736816406,19架次
R06,C,下降,O01,S006,787.6514170260461,813.1448038668665,315500.3321692017,2545506.834645732,365.7867736816406,315500.3321692017,2545506.834645732,314.8,19架次
R06,C,爬升,S006,O01,1210.0,1230.3947094726561,315500.3321692017,2545506.834645732,314.8,315500.3321692017,2545506.834645732,365.7867736816406,19架次
R06,C,巡航,S006,O01,1230.3947094726561,1442.811417026046,315500.3321692017,2545506.834645732,365.7867736816406,318686.20128461556,2545556.1393129765,365.7867736816406,19架次
R06,C,下降,S006,O01,1442.811417026046,1561.8548038668664,318686.20128461556,2545556.1393129765,365.7867736816406,318686.20128461556,2545556.1393129765,127.7,19架次
R07,A,爬升,O01,S007,390.0,514.035557047526,318686.20128461556,2545556.1393129765,127.7,318686.20128461556,2545556.1393129765,499.8066711425781,19架次
R07,A,巡航,O01,S007,514.035557047526,891.912890020662,318686.20128461556,2545556.1393129765,499.8066711425781,314816.0469056985,2547919.156288568,499.8066711425781,19架次
R07,A,下降,O01,S007,891.912890020662,952.4355584776932,314816.0469056985,2547919.156288568,499.8066711425781,314816.0469056985,2547919.156288568,348.5,19架次
R07,A,爬升,S007,S003,1133.0,1156.3821614583333,314816.0469056985,2547919.156288568,348.5,314816.0469056985,2547919.156288568,418.646484375,19架次
R07,A,巡航,S007,S003,1156.3821614583333,1384.2439663374107,314816.0469056985,2547919.156288568,418.646484375,312375.1586332822,2549151.5071912156,418.646484375,19架次
R07,A,下降,S007,S003,1384.2439663374107,1416.3025600874107,312375.1586332822,2549151.5071912156,418.646484375,312375.1586332822,2549151.5071912156,338.5,19架次
R07,A,爬升,S003,O01,1627.0,1697.6781819661458,312375.1586332822,2549151.5071912156,338.5,312375.1586332822,2549151.5071912156,550.5345458984375,19架次
R07,A,巡航,S003,O01,1697.6781819661458,2302.955491729239,312375.1586332822,2549151.5071912156,550.5345458984375,318686.20128461556,2545556.1393129765,550.5345458984375,19架次
R07,A,下降,S003,O01,2302.955491729239,2472.0893100886137,318686.20128461556,2545556.1393129765,550.5345458984375,318686.20128461556,2545556.1393129765,127.7,19架次
R08,A,爬升,O01,S001,390.0,438.9845926920573,318686.20128461556,2545556.1393129765,127.7,318686.20128461556,2545556.1393129765,274.6537780761719,19架次
R08,A,巡航,O01,S001,438.9845926920573,693.4836512489312,318686.20128461556,2545556.1393129765,274.6537780761719,319988.5998724001,2548318.4942710963,274.6537780761719,19架次
R08,A,下降,O01,S001,693.4836512489312,729.7451624793999,319988.5998724001,2548318.4942710963,274.6537780761719,319988.5998724001,2548318.4942710963,184.0,19架次
R08,A,爬升,S001,S009,910.0,945.8995920817057,319988.5998724001,2548318.4942710963,184.0,319988.5998724001,2548318.4942710963,291.6987762451172,19架次
R08,A,巡航,S001,S009,945.8995920817057,1166.8323322919896,319988.5998724001,2548318.4942710963,291.6987762451172,321135.4917701691,2550708.7793325847,291.6987762451172,19架次
R08,A,下降,S001,S009,1166.8323322919896,1191.5118427900366,321135.4917701691,2550708.7793325847,291.6987762451172,321135.4917701691,2550708.7793325847,230.0,19架次
R08,A,爬升,S009,S013,1372.0,1419.6724344889324,321135.4917701691,2550708.7793325847,230.0,321135.4917701691,2550708.7793325847,373.0173034667969,19架次
R08,A,巡航,S009,S013,1419.6724344889324,1687.2652343189438,321135.4917701691,2550708.7793325847,373.0173034667969,322870.6029592571,2548006.809736067,373.0173034667969,19架次
R08,A,下降,S009,S013,1687.2652343189438,1695.7921557056625,322870.6029592571,2548006.809736067,373.0173034667969,322870.6029592571,2548006.809736067,351.7,19架次
R08,A,爬升,S013,O01,1876.0,1890.5884440104167,322870.6029592571,2548006.809736067,351.7,322870.6029592571,2548006.809736067,395.46533203125,19架次
R08,A,巡航,S013,O01,1890.5884440104167,2294.69069744588,322870.6029592571,2548006.809736067,395.46533203125,318686.20128461556,2545556.1393129765,395.46533203125,19架次
R08,A,下降,S013,O01,2294.69069744588,2401.79683025838,318686.20128461556,2545556.1393129765,395.46533203125,318686.20128461556,2545556.1393129765,127.7,19架次
R09,B,爬升,O01,S012,1941.0,2036.537489827474,318686.20128461556,2545556.1393129765,127.7,318686.20128461556,2545556.1393129765,414.3124694824219,19架次
R09,B,巡航,O01,S012,2036.537489827474,2529.23403824536,318686.20128461556,2545556.1393129765,414.3124694824219,324105.41923832323,2550581.156900544,414.3124694824219,19架次
R09,B,下降,O01,S012,2529.23403824536,2583.0390260383288,324105.41923832323,2550581.156900544,414.3124694824219,324105.41923832323,2550581.156900544,279.8,19架次
R09,B,爬升,S012,O01,2824.0,2868.8374898274737,324105.41923832323,2550581.156900544,279.8,324105.41923832323,2550581.156900544,414.3124694824219,19架次
R09,B,巡航,S012,O01,2868.8374898274737,3361.5340382453596,324105.41923832323,2550581.156900544,414.3124694824219,318686.20128461556,2545556.1393129765,414.3124694824219,19架次
R09,B,下降,S012,O01,3361.5340382453596,3476.179026038328,318686.20128461556,2545556.1393129765,414.3124694824219,318686.20128461556,2545556.1393129765,127.7,19架次
R10,C,爬升,O01,S001,2072.0,2130.781511230469,318686.20128461556,2545556.1393129765,127.7,318686.20128461556,2545556.1393129765,274.6537780761719,19架次
R10,C,巡航,O01,S001,2130.781511230469,2334.380758075968,318686.20128461556,2545556.1393129765,274.6537780761719,319988.5998724001,2548318.4942710963,274.6537780761719,19架次
R10,C,下降,O01,S001,2334.380758075968,2379.707647114054,319988.5998724001,2548318.4942710963,274.6537780761719,319988.5998724001,2548318.4942710963,184.0,19架次
R10,C,爬升,S001,O01,2812.0,2848.261511230469,319988.5998724001,2548318.4942710963,184.0,319988.5998724001,2548318.4942710963,274.6537780761719,19架次
R10,C,巡航,S001,O01,2848.261511230469,3051.860758075968,319988.5998724001,2548318.4942710963,274.6537780761719,318686.20128461556,2545556.1393129765,274.6537780761719,19架次
R10,C,下降,S001,O01,3051.860758075968,3125.337647114054,318686.20128461556,2545556.1393129765,274.6537780761719,318686.20128461556,2545556.1393129765,127.7,19架次
R11,C,爬升,O01,S009,2104.0,2169.599510498047,318686.20128461556,2545556.1393129765,127.7,318686.20128461556,2545556.1393129765,291.6987762451172,19架次
R11,C,巡航,O01,S009,2169.599510498047,2549.942765141014,318686.20128461556,2545556.1393129765,291.6987762451172,321135.4917701691,2550708.7793325847,291.6987762451172,19架次
R11,C,下降,O01,S009,2549.942765141014,2580.792153263573,321135.4917701691,2550708.7793325847,291.6987762451172,321135.4917701691,2550708.7793325847,230.0,19架次
R11,C,爬升,S009,S002,2833.0,2871.4684936523436,321135.4917701691,2550708.7793325847,230.0,321135.4917701691,2550708.7793325847,326.1712341308594,19架次
R11,C,巡航,S009,S002,2871.4684936523436,2986.4376393493526,321135.4917701691,2550708.7793325847,326.1712341308594,321607.16649195924,2552367.5594448484,326.1712341308594,19架次
R11,C,下降,S009,S002,2986.4376393493526,3039.7732564147823,321607.16649195924,2552367.5594448484,326.1712341308594,321607.16649195924,2552367.5594448484,219.5,19架次
R11,C,爬升,S002,O01,3436.0,3470.641845703125,321607.16649195924,2552367.5594448484,219.5,321607.16649195924,2552367.5594448484,306.1046142578125,19架次
R11,C,巡航,S002,O01,3470.641845703125,3964.7290262936795,321607.16649195924,2552367.5594448484,306.1046142578125,318686.20128461556,2545556.1393129765,306.1046142578125,19架次
R11,C,下降,S002,O01,3964.7290262936795,4053.931333422586,318686.20128461556,2545556.1393129765,306.1046142578125,318686.20128461556,2545556.1393129765,127.7,19架次
R12,B,爬升,O01,S007,2219.0,2343.035557047526,318686.20128461556,2545556.1393129765,127.7,318686.20128461556,2545556.1393129765,499.8066711425781,19架次
R12,B,巡航,O01,S007,2343.035557047526,2645.3374234260345,318686.20128461556,2545556.1393129765,499.8066711425781,314816.0469056985,2547919.156288568,499.8066711425781,19架次
R12,B,下降,O01,S007,2645.3374234260345,2705.8600918830657,314816.0469056985,2547919.156288568,499.8066711425781,314816.0469056985,2547919.156288568,348.5,19架次
R12,B,爬升,S007,O01,2916.0,2966.435557047526,314816.0469056985,2547919.156288568,348.5,314816.0469056985,2547919.156288568,499.8066711425781,19架次
R12,B,巡航,S007,O01,2966.435557047526,3268.7374234260346,314816.0469056985,2547919.156288568,499.8066711425781,318686.20128461556,2545556.1393129765,499.8066711425781,19架次
R12,B,下降,S007,O01,3268.7374234260346,3417.580091883066,318686.20128461556,2545556.1393129765,499.8066711425781,318686.20128461556,2545556.1393129765,127.7,19架次
R13,C,爬升,O01,S004,3606.0,3715.103703613281,318686.20128461556,2545556.1393129765,127.7,318686.20128461556,2545556.1393129765,400.4592590332031,19架次
R13,C,巡航,O01,S004,3715.103703613281,4229.41898728283,318686.20128461556,2545556.1393129765,400.4592590332031,319528.97595331207,2553224.6970871883,400.4592590332031,19架次
R13,C,下降,O01,S004,4229.41898728283,4315.498616799432,319528.97595331207,2553224.6970871883,400.4592590332031,319528.97595331207,2553224.6970871883,228.3,19架次
R13,C,爬升,S004,O01,4712.0,4780.863703613281,319528.97595331207,2553224.6970871883,228.3,319528.97595331207,2553224.6970871883,400.4592590332031,19架次
R13,C,巡航,S004,O01,4780.863703613281,5295.17898728283,319528.97595331207,2553224.6970871883,400.4592590332031,318686.20128461556,2545556.1393129765,400.4592590332031,19架次
R13,C,下降,S004,O01,5295.17898728283,5431.558616799432,318686.20128461556,2545556.1393129765,400.4592590332031,318686.20128461556,2545556.1393129765,127.7,19架次
R14,B,爬升,O01,S008,3778.0,3860.2105244954428,318686.20128461556,2545556.1393129765,127.7,318686.20128461556,2545556.1393129765,374.3315734863281,19架次
R14,B,巡航,O01,S008,3860.2105244954428,4398.818167750721,318686.20128461556,2545556.1393129765,374.3315734863281,316926.3521468387,2553441.2534225625,374.3315734863281,19架次
R14,B,下降,O01,S008,4398.818167750721,4440.190797145252,316926.3521468387,2553441.2534225625,374.3315734863281,316926.3521468387,2553441.2534225625,270.9,19架次
R14,B,爬升,S008,O01,4651.0,4685.477191162109,316926.3521468387,2553441.2534225625,270.9,316926.3521468387,2553441.2534225625,374.3315734863281,19架次
R14,B,巡航,S008,O01,4685.477191162109,5224.084834417387,316926.3521468387,2553441.2534225625,374.3315734863281,318686.20128461556,2545556.1393129765,374.3315734863281,19架次
R14,B,下降,S008,O01,5224.084834417387,5322.737463811919,318686.20128461556,2545556.1393129765,374.3315734863281,318686.20128461556,2545556.1393129765,127.7,19架次
R15,B,爬升,O01,S003,3837.0,3977.9448486328124,318686.20128461556,2545556.1393129765,127.7,318686.20128461556,2545556.1393129765,550.5345458984375,19架次
R15,B,巡航,O01,S003,3977.9448486328124,4462.166696443287,318686.20128461556,2545556.1393129765,550.5345458984375,312375.1586332822,2549151.5071912156,550.5345458984375,19架次
R15,B,下降,O01,S003,4462.166696443287,4546.980514802662,312375.1586332822,2549151.5071912156,550.5345458984375,312375.1586332822,2549151.5071912156,338.5,19架次
R15,B,爬升,S003,O01,4757.0,4827.6781819661455,312375.1586332822,2549151.5071912156,338.5,312375.1586332822,2549151.5071912156,550.5345458984375,19架次
R15,B,巡航,S003,O01,4827.6781819661455,5311.900029776621,312375.1586332822,2549151.5071912156,550.5345458984375,318686.20128461556,2545556.1393129765,550.5345458984375,19架次
R15,B,下降,S003,O01,5311.900029776621,5481.033848135996,318686.20128461556,2545556.1393129765,550.5345458984375,318686.20128461556,2545556.1393129765,127.7,19架次
R16,C,爬升,O01,S011,4624.0,4689.263280029297,318686.20128461556,2545556.1393129765,127.7,318686.20128461556,2545556.1393129765,290.8582000732422,19架次
R16,C,巡航,O01,S011,4689.263280029297,4876.469817815401,318686.20128461556,2545556.1393129765,290.8582000732422,317639.7049010765,2548161.9520598864,290.8582000732422,19架次
R16,C,下降,O01,S011,4876.469817815401,4915.848917852022,317639.7049010765,2548161.9520598864,290.8582000732422,317639.7049010765,2548161.9520598864,212.1,19架次
R16,C,爬升,S011,S007,5204.0,5293.706667480469,317639.7049010765,2548161.9520598864,212.1,317639.7049010765,2548161.9520598864,436.3666687011719,19架次
R16,C,巡航,S011,S007,5293.706667480469,5482.64515554744,317639.7049010765,2548161.9520598864,436.3666687011719,314816.0469056985,2547919.156288568,436.3666687011719,19架次
R16,C,下降,S011,S007,5482.64515554744,5526.5784898980255,314816.0469056985,2547919.156288568,436.3666687011719,314816.0469056985,2547919.156288568,348.5,19架次
R16,C,爬升,S007,S003,5779.0,5807.05859375,314816.0469056985,2547919.156288568,348.5,314816.0469056985,2547919.156288568,418.646484375,19架次
R16,C,巡航,S007,S003,5807.05859375,5989.3480376532625,314816.0469056985,2547919.156288568,418.646484375,312375.1586332822,2549151.5071912156,418.646484375,19架次
R16,C,下降,S007,S003,5989.3480376532625,6029.4212798407625,312375.1586332822,2549151.5071912156,418.646484375,312375.1586332822,2549151.5071912156,338.5,19架次
R16,C,爬升,S003,O01,6354.0,6438.813818359375,312375.1586332822,2549151.5071912156,338.5,312375.1586332822,2549151.5071912156,550.5345458984375,19架次
R16,C,巡航,S003,O01,6438.813818359375,6923.03566616985,312375.1586332822,2549151.5071912156,550.5345458984375,318686.20128461556,2545556.1393129765,550.5345458984375,19架次
R16,C,下降,S003,O01,6923.03566616985,7134.452939119068,318686.20128461556,2545556.1393129765,550.5345458984375,318686.20128461556,2545556.1393129765,127.7,19架次
R17,B,爬升,O01,S008,5713.0,5795.210524495443,318686.20128461556,2545556.1393129765,127.7,318686.20128461556,2545556.1393129765,374.3315734863281,19架次
R17,B,巡航,O01,S008,5795.210524495443,6333.818167750721,318686.20128461556,2545556.1393129765,374.3315734863281,316926.3521468387,2553441.2534225625,374.3315734863281,19架次
R17,B,下降,O01,S008,6333.818167750721,6375.190797145252,316926.3521468387,2553441.2534225625,374.3315734863281,316926.3521468387,2553441.2534225625,270.9,19架次
R17,B,爬升,S008,O01,6616.0,6650.477191162109,316926.3521468387,2553441.2534225625,270.9,316926.3521468387,2553441.2534225625,374.3315734863281,19架次
R17,B,巡航,S008,O01,6650.477191162109,7189.084834417387,316926.3521468387,2553441.2534225625,374.3315734863281,318686.20128461556,2545556.1393129765,374.3315734863281,19架次
R17,B,下降,S008,O01,7189.084834417387,7287.737463811919,318686.20128461556,2545556.1393129765,374.3315734863281,318686.20128461556,2545556.1393129765,127.7,19架次
R18,C,爬升,O01,S005,5912.0,5990.1385546875,318686.20128461556,2545556.1393129765,127.7,318686.20128461556,2545556.1393129765,323.04638671875,19架次
R18,C,巡航,O01,S005,5990.1385546875,6342.181333985172,318686.20128461556,2545556.1393129765,323.04638671875,318488.4830988483,2550833.0782146063,323.04638671875,19架次
R18,C,下降,O01,S005,6342.181333985172,6406.204527344547,318488.4830988483,2550833.0782146063,323.04638671875,318488.4830988483,2550833.0782146063,195.0,19架次
R18,C,爬升,S005,O01,6803.0,6854.2185546875,318488.4830988483,2550833.0782146063,195.0,318488.4830988483,2550833.0782146063,323.04638671875,19架次
R18,C,巡航,S005,O01,6854.2185546875,7206.261333985172,318488.4830988483,2550833.0782146063,323.04638671875,318686.20128461556,2545556.1393129765,323.04638671875,19架次
R18,C,下降,S005,O01,7206.261333985172,7303.934527344547,318686.20128461556,2545556.1393129765,323.04638671875,318686.20128461556,2545556.1393129765,127.7,19架次
R19,B,爬升,O01,S015,5872.0,6021.62402750651,318686.20128461556,2545556.1393129765,127.7,318686.20128461556,2545556.1393129765,576.5720825195312,19架次
R19,B,巡航,O01,S015,6021.62402750651,6422.2555322500575,318686.20128461556,2545556.1393129765,576.5720825195312,314798.3027491758,2550138.497391692,576.5720825195312,19架次
R19,B,下降,O01,S015,6422.2555322500575,6463.08436525787,314798.3027491758,2550138.497391692,576.5720825195312,314798.3027491758,2550138.497391692,474.5,19架次
R19,B,爬升,S015,O01,6704.0,6738.024027506511,314798.3027491758,2550138.497391692,474.5,314798.3027491758,2550138.497391692,576.5720825195312,19架次
R19,B,巡航,S015,O01,6738.024027506511,7138.655532250058,314798.3027491758,2550138.497391692,576.5720825195312,318686.20128461556,2545556.1393129765,576.5720825195312,19架次
R19,B,下降,S015,O01,7138.655532250058,7318.20436525787,318686.20128461556,2545556.1393129765,576.5720825195312,318686.20128461556,2545556.1393129765,127.7,19架次
