架次,机型,无人机,阶段,开始秒,结束秒
R02,A,U01,准备装载,0,360
R02,A,U01,去程及续飞,360,726
R02,A,U01,交接,726,936
R02,A,U01,返航,936,1314
R03,A,U02,准备装载,0,360
R03,A,U02,去程及续飞,360,726
R03,A,U02,交接,726,936
R03,A,U02,返航,936,1314
R07,A,U03,准备装载,0,360
R07,A,U03,去程及续飞,360,892
R07,A,U03,交接,892,1102
R07,A,U03,返航,1102,1649
R08,A,U04,准备装载,0,360
R08,A,U04,去程及续飞,360,871
R08,A,U04,交接,871,1081
R08,A,U04,返航,1081,1607
R10,A,U01,准备装载,1314,1704
R10,A,U01,去程及续飞,1704,2259
R10,A,U01,交接,2259,2439
R10,A,U01,去程及续飞,2439,2763
R10,A,U01,交接,2763,2943
R10,A,U01,去程及续飞,2943,3164
R10,A,U01,交接,3164,3344
R10,A,U01,返航,3344,3891
R13,A,U02,准备装载,1314,1674
R13,A,U02,去程及续飞,1674,2386
R13,A,U02,交接,2386,2596
R13,A,U02,返航,2596,3314
R14,A,U03,准备装载,2206,2566
R14,A,U03,去程及续飞,2566,3129
R14,A,U03,交接,3129,3339
R14,A,U03,返航,3339,3917
R15,A,U04,准备装载,2193,2553
R15,A,U04,去程及续飞,2553,3116
R15,A,U04,交接,3116,3326
R15,A,U04,返航,3326,3904
R18,A,U02,准备装载,3314,3674
R18,A,U02,去程及续飞,3674,3994
R18,A,U02,交接,3994,4204
R18,A,U02,返航,4204,4530
R01,B,U05,准备装载,0,390
R01,B,U05,去程及续飞,390,997
R01,B,U05,交接,997,1237
R01,B,U05,返航,1237,1859
R04,B,U06,准备装载,0,360
R04,B,U06,去程及续飞,360,673
R04,B,U06,交接,673,883
R04,B,U06,返航,883,1208
R09,B,U06,准备装载,1208,1598
R09,B,U06,去程及续飞,1598,2241
R09,B,U06,交接,2241,2481
R09,B,U06,返航,2481,3134
R16,B,U05,准备装载,2368,2758
R16,B,U05,去程及续飞,2758,3468
R16,B,U05,交接,3468,3708
R16,B,U05,返航,3708,4433
R17,B,U06,准备装载,3134,3524
R17,B,U06,去程及续飞,3524,4116
R17,B,U06,交接,4116,4356
R17,B,U06,返航,4356,4971
R21,B,U05,准备装载,4433,4823
R21,B,U05,去程及续飞,4823,5486
R21,B,U05,交接,5486,5726
R21,B,U05,返航,5726,6398
R22,B,U06,准备装载,4994,5354
R22,B,U06,去程及续飞,5354,6017
R22,B,U06,交接,6017,6227
R22,B,U06,返航,6227,6899
R05,C,U07,准备装载,0,480
R05,C,U07,去程及续飞,480,788
R05,C,U07,交接,788,1184
R05,C,U07,返航,1184,1498
R06,C,U08,准备装载,0,570
R06,C,U08,去程及续飞,570,878
R06,C,U08,交接,878,1382
R06,C,U08,返航,1382,1696
R11,C,U07,准备装载,1498,2038
R11,C,U07,去程及续飞,2038,2515
R11,C,U07,交接,2515,2767
R11,C,U07,去程及续飞,2767,2974
R11,C,U07,交接,2974,3370
R11,C,U07,返航,3370,3988
R12,C,U08,准备装载,1696,2176
R12,C,U08,去程及续飞,2176,2886
R12,C,U08,交接,2886,3282
R12,C,U08,返航,3282,4002
R19,C,U07,准备装载,3988,4468
R19,C,U07,去程及续飞,4468,4995
R19,C,U07,交接,4995,5211
R19,C,U07,去程及续飞,5211,5462
R19,C,U07,交接,5462,5822
R19,C,U07,返航,5822,6603
R20,C,U08,准备装载,4002,4512
R20,C,U08,去程及续飞,4512,5007
R20,C,U08,交接,5007,5403
R20,C,U08,去程及续飞,5403,5717
R20,C,U08,交接,5717,5933
R20,C,U08,返航,5933,6234
