scenario_id,n_groups,group_id,resource_key,resource_label,resource_type,model,required_count,inventory,global_peak,occupancy_s,audit_s,utilization,peak_start_s,peak_end_s,peak_tasks,recommended
K2_01,2,G1,transport_drone_A,A型运输无人机,transport_drone,A,4,4,4,12471.0,9047.0,0.34461700011053387,2467.0,3760.0,"R10,R13,R14,R15",False
K2_01,2,G1,transport_drone_B,B型运输无人机,transport_drone,B,2,2,2,11557.0,9047.0,0.6387200176854205,1208.0,1859.0,"R01,R09",False
K2_01,2,G1,transport_drone_C,C型运输无人机,transport_drone,C,2,2,2,12837.0,9047.0,0.7094617000110534,0.0,1498.0,"R05,R06",False
K2_01,2,G1,transport_battery_A,A型共享电池,transport_battery,A,6,6,6,20357.0,9047.0,0.37502302789138203,2467.0,2747.0,"R07,R08,R10,R13,R14,R15",False
K2_01,2,G1,transport_battery_B,B型共享电池,transport_battery,B,4,4,4,22369.0,9047.0,0.6181330827898751,3134.0,3452.0,"R01,R09,R16,R17",False
K2_01,2,G1,transport_battery_C,C型共享电池,transport_battery,C,4,4,4,25655.0,9047.0,0.7089366640875429,1696.0,3144.0,"R05,R06,R11,R12",False
K2_01,2,G1,relay_drone_R,中继无人机,relay_drone,R,2,2,2,11154.0,9047.0,0.6164474411407096,1204.0,2209.0,"J01,J03",False
K2_01,2,G1,relay_component_R,中继能源组件,relay_component,R,3,6,3,12822.0,9047.0,0.4724217972808666,2444.0,2591.0,"J01,J03,J04",False
K2_01,2,G2,transport_drone_A,A型运输无人机,transport_drone,A,2,4,4,2628.0,9047.0,0.14524151652481485,0.0,1314.0,"R02,R03",False
K2_01,2,G2,transport_drone_B,B型运输无人机,transport_drone,B,1,2,2,1208.0,9047.0,0.13352492538963193,0.0,1208.0,R04,False
K2_01,2,G2,transport_drone_C,C型运输无人机,transport_drone,C,0,2,2,0.0,9047.0,,0.0,0.0,,False
K2_01,2,G2,transport_battery_A,A型共享电池,transport_battery,A,2,6,6,4399.0,9047.0,0.24311926605504589,0.0,2193.0,"R02,R03",False
K2_01,2,G2,transport_battery_B,B型共享电池,transport_battery,B,1,4,4,2368.0,9047.0,0.26174422460484137,0.0,2368.0,R04,False
K2_01,2,G2,transport_battery_C,C型共享电池,transport_battery,C,0,4,4,0.0,9047.0,,0.0,0.0,,False
K2_01,2,G2,relay_drone_R,中继无人机,relay_drone,R,0,2,2,0.0,9047.0,,0.0,0.0,,False
K2_01,2,G2,relay_component_R,中继能源组件,relay_component,R,0,6,3,0.0,9047.0,,0.0,0.0,,False
K2_02,2,G1,transport_drone_A,A型运输无人机,transport_drone,A,2,4,4,2628.0,9047.0,0.14524151652481485,0.0,1314.0,"R02,R03",True
K2_02,2,G1,transport_drone_B,B型运输无人机,transport_drone,B,1,2,2,1208.0,9047.0,0.13352492538963193,0.0,1208.0,R04,True
K2_02,2,G1,transport_drone_C,C型运输无人机,transport_drone,C,2,2,2,3194.0,9047.0,0.1765226041781806,0.0,1498.0,"R05,R06",True
K2_02,2,G1,transport_battery_A,A型共享电池,transport_battery,A,2,6,6,4399.0,9047.0,0.24311926605504589,0.0,2193.0,"R02,R03",True
K2_02,2,G1,transport_battery_B,B型共享电池,transport_battery,B,1,4,4,2368.0,9047.0,0.26174422460484137,0.0,2368.0,R04,True
K2_02,2,G1,transport_battery_C,C型共享电池,transport_battery,C,2,4,4,6464.0,9047.0,0.3572454957444457,0.0,3144.0,"R05,R06",True
K2_02,2,G1,relay_drone_R,中继无人机,relay_drone,R,0,2,2,0.0,9047.0,,0.0,0.0,,True
K2_02,2,G1,relay_component_R,中继能源组件,relay_component,R,0,6,3,0.0,9047.0,,0.0,0.0,,True
K2_02,2,G2,transport_drone_A,A型运输无人机,transport_drone,A,4,4,4,12471.0,9047.0,0.34461700011053387,2467.0,3760.0,"R10,R13,R14,R15",True
K2_02,2,G2,transport_drone_B,B型运输无人机,transport_drone,B,2,2,2,11557.0,9047.0,0.6387200176854205,1208.0,1859.0,"R01,R09",True
K2_02,2,G2,transport_drone_C,C型运输无人机,transport_drone,C,2,2,2,9643.0,9047.0,0.5329390958328728,1696.0,3988.0,"R11,R12",True
K2_02,2,G2,transport_battery_A,A型共享电池,transport_battery,A,6,6,6,20357.0,9047.0,0.37502302789138203,2467.0,2747.0,"R07,R08,R10,R13,R14,R15",True
K2_02,2,G2,transport_battery_B,B型共享电池,transport_battery,B,4,4,4,22369.0,9047.0,0.6181330827898751,3134.0,3452.0,"R01,R09,R16,R17",True
K2_02,2,G2,transport_battery_C,C型共享电池,transport_battery,C,4,4,4,19191.0,9047.0,0.53031391621532,4002.0,6503.0,"R11,R12,R19,R20",True
K2_02,2,G2,relay_drone_R,中继无人机,relay_drone,R,2,2,2,11154.0,9047.0,0.6164474411407096,1204.0,2209.0,"J01,J03",True
K2_02,2,G2,relay_component_R,中继能源组件,relay_component,R,3,6,3,12822.0,9047.0,0.4724217972808666,2444.0,2591.0,"J01,J03,J04",True
K2_03,2,G1,transport_drone_A,A型运输无人机,transport_drone,A,0,4,4,0.0,9047.0,,0.0,0.0,,False
K2_03,2,G1,transport_drone_B,B型运输无人机,transport_drone,B,0,2,2,0.0,9047.0,,0.0,0.0,,False
K2_03,2,G1,transport_drone_C,C型运输无人机,transport_drone,C,2,2,2,3194.0,9047.0,0.1765226041781806,0.0,1498.0,"R05,R06",False
K2_03,2,G1,transport_battery_A,A型共享电池,transport_battery,A,0,6,6,0.0,9047.0,,0.0,0.0,,False
K2_03,2,G1,transport_battery_B,B型共享电池,transport_battery,B,0,4,4,0.0,9047.0,,0.0,0.0,,False
K2_03,2,G1,transport_battery_C,C型共享电池,transport_battery,C,2,4,4,6464.0,9047.0,0.3572454957444457,0.0,3144.0,"R05,R06",False
K2_03,2,G1,relay_drone_R,中继无人机,relay_drone,R,0,2,2,0.0,9047.0,,0.0,0.0,,False
K2_03,2,G1,relay_component_R,中继能源组件,relay_component,R,0,6,3,0.0,9047.0,,0.0,0.0,,False
K2_03,2,G2,transport_drone_A,A型运输无人机,transport_drone,A,4,4,4,15099.0,9047.0,0.4172377583729413,70.0,1314.0,"R02,R03,R07,R08",False
K2_03,2,G2,transport_drone_B,B型运输无人机,transport_drone,B,2,2,2,12765.0,9047.0,0.7054824803802365,0.0,1208.0,"R01,R04",False
K2_03,2,G2,transport_drone_C,C型运输无人机,transport_drone,C,2,2,2,9643.0,9047.0,0.5329390958328728,1696.0,3988.0,"R11,R12",False
K2_03,2,G2,transport_battery_A,A型共享电池,transport_battery,A,6,6,6,24756.0,9047.0,0.456062783243064,1760.0,2193.0,"R02,R03,R07,R08,R10,R13",False
K2_03,2,G2,transport_battery_B,B型共享电池,transport_battery,B,4,4,4,24737.0,9047.0,0.6835691389410854,3134.0,3452.0,"R01,R09,R16,R17",False
K2_03,2,G2,transport_battery_C,C型共享电池,transport_battery,C,4,4,4,19191.0,9047.0,0.53031391621532,4002.0,6503.0,"R11,R12,R19,R20",False
K2_03,2,G2,relay_drone_R,中继无人机,relay_drone,R,2,2,2,11154.0,9047.0,0.6164474411407096,1204.0,2209.0,"J01,J03",False
K2_03,2,G2,relay_component_R,中继能源组件,relay_component,R,3,6,3,12822.0,9047.0,0.4724217972808666,2444.0,2591.0,"J01,J03,J04",False
K3_01,3,G1,transport_drone_A,A型运输无人机,transport_drone,A,0,4,4,0.0,9047.0,,0.0,0.0,,False
K3_01,3,G1,transport_drone_B,B型运输无人机,transport_drone,B,0,2,2,0.0,9047.0,,0.0,0.0,,False
K3_01,3,G1,transport_drone_C,C型运输无人机,transport_drone,C,2,2,2,3194.0,9047.0,0.1765226041781806,0.0,1498.0,"R05,R06",False
K3_01,3,G1,transport_battery_A,A型共享电池,transport_battery,A,0,6,6,0.0,9047.0,,0.0,0.0,,False
K3_01,3,G1,transport_battery_B,B型共享电池,transport_battery,B,0,4,4,0.0,9047.0,,0.0,0.0,,False
K3_01,3,G1,transport_battery_C,C型共享电池,transport_battery,C,2,4,4,6464.0,9047.0,0.3572454957444457,0.0,3144.0,"R05,R06",False
K3_01,3,G1,relay_drone_R,中继无人机,relay_drone,R,0,2,2,0.0,9047.0,,0.0,0.0,,False
K3_01,3,G1,relay_component_R,中继能源组件,relay_component,R,0,6,3,0.0,9047.0,,0.0,0.0,,False
K3_01,3,G2,transport_drone_A,A型运输无人机,transport_drone,A,4,4,4,12471.0,9047.0,0.34461700011053387,2467.0,3760.0,"R10,R13,R14,R15",False
K3_01,3,G2,transport_drone_B,B型运输无人机,transport_drone,B,2,2,2,11557.0,9047.0,0.6387200176854205,1208.0,1859.0,"R01,R09",False
K3_01,3,G2,transport_drone_C,C型运输无人机,transport_drone,C,2,2,2,9643.0,9047.0,0.5329390958328728,1696.0,3988.0,"R11,R12",False
K3_01,3,G2,transport_battery_A,A型共享电池,transport_battery,A,6,6,6,20357.0,9047.0,0.37502302789138203,2467.0,2747.0,"R07,R08,R10,R13,R14,R15",False
K3_01,3,G2,transport_battery_B,B型共享电池,transport_battery,B,4,4,4,22369.0,9047.0,0.6181330827898751,3134.0,3452.0,"R01,R09,R16,R17",False
K3_01,3,G2,transport_battery_C,C型共享电池,transport_battery,C,4,4,4,19191.0,9047.0,0.53031391621532,4002.0,6503.0,"R11,R12,R19,R20",False
K3_01,3,G2,relay_drone_R,中继无人机,relay_drone,R,2,2,2,11154.0,9047.0,0.6164474411407096,1204.0,2209.0,"J01,J03",False
K3_01,3,G2,relay_component_R,中继能源组件,relay_component,R,3,6,3,12822.0,9047.0,0.4724217972808666,2444.0,2591.0,"J01,J03,J04",False
K3_01,3,G3,transport_drone_A,A型运输无人机,transport_drone,A,2,4,4,2628.0,9047.0,0.14524151652481485,0.0,1314.0,"R02,R03",False
K3_01,3,G3,transport_drone_B,B型运输无人机,transport_drone,B,1,2,2,1208.0,9047.0,0.13352492538963193,0.0,1208.0,R04,False
K3_01,3,G3,transport_drone_C,C型运输无人机,transport_drone,C,0,2,2,0.0,9047.0,,0.0,0.0,,False
K3_01,3,G3,transport_battery_A,A型共享电池,transport_battery,A,2,6,6,4399.0,9047.0,0.24311926605504589,0.0,2193.0,"R02,R03",False
K3_01,3,G3,transport_battery_B,B型共享电池,transport_battery,B,1,4,4,2368.0,9047.0,0.26174422460484137,0.0,2368.0,R04,False
K3_01,3,G3,transport_battery_C,C型共享电池,transport_battery,C,0,4,4,0.0,9047.0,,0.0,0.0,,False
K3_01,3,G3,relay_drone_R,中继无人机,relay_drone,R,0,2,2,0.0,9047.0,,0.0,0.0,,False
K3_01,3,G3,relay_component_R,中继能源组件,relay_component,R,0,6,3,0.0,9047.0,,0.0,0.0,,False
