scenario_id,n_groups,group_id,sites,n_sites,n_boxes,mass_kg,volume_m3,transport_sorties,relay_sorties,flight_time_h,transport_occupancy_h,battery_occupancy_h,relay_occupancy_h,component_occupancy_h,transport_workload_h,relay_workload_h,aircraft_workload_h,total_workload_h,transport_energy_kwh,relay_energy_kwh,total_energy_kwh,final_delivery_s,transport_return_s,allocated_resources,recommended
K2_01,2,G1,S001、S002、S003、S004、S005、S007、S008、S009、S010、S011、S012、S013、S014、S015,14,74,699.0,1.8549999999999998,19,4,6.278611111111111,10.240277777777777,18.994722222222222,3.098333333333333,3.5616666666666665,10.240277777777777,3.098333333333333,13.33861111111111,35.894999999999996,59.73541961552988,2.673935916933632,62.40935553246351,6227.0,6899.0,27,False
K2_01,2,G2,S006,1,6,59.0,0.156,3,0,0.5905555555555555,1.0655555555555556,1.8797222222222223,0.0,0.0,1.0655555555555556,0.0,1.0655555555555556,2.945277777777778,3.8061656476697934,0.0,3.8061656476697934,936.0,1314.0,6,False
K2_02,2,G1,S001、S006,2,21,213.0,0.5500000000000002,5,0,0.9361111111111111,1.9527777777777777,3.6752777777777776,0.0,0.0,1.9527777777777777,0.0,1.9527777777777777,5.628055555555555,9.722084494883365,0.0,9.722084494883365,1382.0,1696.0,10,True
K2_02,2,G2,S002、S003、S004、S005、S007、S008、S009、S010、S011、S012、S013、S014、S015,13,59,545.0,1.4609999999999999,17,4,5.933055555555556,9.353055555555555,17.199166666666667,3.098333333333333,3.5616666666666665,9.353055555555555,3.098333333333333,12.451388888888888,33.21222222222222,53.8195007683163,2.673935916933632,56.49343668524993,6227.0,6899.0,27,True
K2_03,2,G1,S001,1,15,154.0,0.39400000000000013,2,0,0.34555555555555556,0.8872222222222222,1.7955555555555556,0.0,0.0,0.8872222222222222,0.0,0.8872222222222222,2.682777777777778,5.915918847213571,0.0,5.915918847213571,1382.0,1696.0,4,False
K2_03,2,G2,S002、S003、S004、S005、S006、S007、S008、S009、S010、S011、S012、S013、S014、S015,14,65,604.0,1.617,20,4,6.523611111111111,10.418611111111112,19.07888888888889,3.098333333333333,3.5616666666666665,10.418611111111112,3.098333333333333,13.516944444444444,36.1575,57.625666415986096,2.673935916933632,60.299602332919726,6227.0,6899.0,27,False
K3_01,3,G1,S001,1,15,154.0,0.39400000000000013,2,0,0.34555555555555556,0.8872222222222222,1.7955555555555556,0.0,0.0,0.8872222222222222,0.0,0.8872222222222222,2.682777777777778,5.915918847213571,0.0,5.915918847213571,1382.0,1696.0,4,False
K3_01,3,G2,S002、S003、S004、S005、S007、S008、S009、S010、S011、S012、S013、S014、S015,13,59,545.0,1.4609999999999999,17,4,5.933055555555556,9.353055555555555,17.199166666666667,3.098333333333333,3.5616666666666665,9.353055555555555,3.098333333333333,12.451388888888888,33.21222222222222,53.8195007683163,2.673935916933632,56.49343668524993,6227.0,6899.0,27,False
K3_01,3,G3,S006,1,6,59.0,0.156,3,0,0.5905555555555555,1.0655555555555556,1.8797222222222223,0.0,0.0,1.0655555555555556,0.0,1.0655555555555556,2.945277777777778,3.8061656476697934,0.0,3.8061656476697934,936.0,1314.0,6,False
