scenario_id,n_groups,resource_key,resource_label,resource_type,model,sum_required,inventory,global_peak,shortage,unused_inventory,partition_overhead,audit_s,utilization,recommended
K2_01,2,transport_drone_A,A型运输无人机,transport_drone,A,6,4,4,2,0,2,9047.0,0.27815850558196087,False
K2_01,2,transport_drone_B,B型运输无人机,transport_drone,B,3,2,2,1,0,1,9047.0,0.4703216535868244,False
K2_01,2,transport_drone_C,C型运输无人机,transport_drone,C,2,2,2,0,0,0,9047.0,0.7094617000110534,False
K2_01,2,transport_battery_A,A型共享电池,transport_battery,A,8,6,6,2,0,2,9047.0,0.342047087432298,False
K2_01,2,transport_battery_B,B型共享电池,transport_battery,B,5,4,4,1,0,1,9047.0,0.5468553111528683,False
K2_01,2,transport_battery_C,C型共享电池,transport_battery,C,4,4,4,0,0,0,9047.0,0.7089366640875429,False
K2_01,2,relay_drone_R,中继无人机,relay_drone,R,2,2,2,0,0,0,9047.0,0.6164474411407096,False
K2_01,2,relay_component_R,中继能源组件,relay_component,R,3,6,3,0,3,0,9047.0,0.4724217972808666,False
K2_02,2,transport_drone_A,A型运输无人机,transport_drone,A,6,4,4,2,0,2,9047.0,0.27815850558196087,True
K2_02,2,transport_drone_B,B型运输无人机,transport_drone,B,3,2,2,1,0,1,9047.0,0.4703216535868244,True
K2_02,2,transport_drone_C,C型运输无人机,transport_drone,C,4,2,2,2,0,2,9047.0,0.3547308500055267,True
K2_02,2,transport_battery_A,A型共享电池,transport_battery,A,8,6,6,2,0,2,9047.0,0.342047087432298,True
K2_02,2,transport_battery_B,B型共享电池,transport_battery,B,5,4,4,1,0,1,9047.0,0.5468553111528683,True
K2_02,2,transport_battery_C,C型共享电池,transport_battery,C,6,4,4,2,0,2,9047.0,0.47262444272502857,True
K2_02,2,relay_drone_R,中继无人机,relay_drone,R,2,2,2,0,0,0,9047.0,0.6164474411407096,True
K2_02,2,relay_component_R,中继能源组件,relay_component,R,3,6,3,0,3,0,9047.0,0.4724217972808666,True
K2_03,2,transport_drone_A,A型运输无人机,transport_drone,A,4,4,4,0,0,0,9047.0,0.4172377583729413,False
K2_03,2,transport_drone_B,B型运输无人机,transport_drone,B,2,2,2,0,0,0,9047.0,0.7054824803802365,False
K2_03,2,transport_drone_C,C型运输无人机,transport_drone,C,4,2,2,2,0,2,9047.0,0.3547308500055267,False
K2_03,2,transport_battery_A,A型共享电池,transport_battery,A,6,6,6,0,0,0,9047.0,0.456062783243064,False
K2_03,2,transport_battery_B,B型共享电池,transport_battery,B,4,4,4,0,0,0,9047.0,0.6835691389410854,False
K2_03,2,transport_battery_C,C型共享电池,transport_battery,C,6,4,4,2,0,2,9047.0,0.47262444272502857,False
K2_03,2,relay_drone_R,中继无人机,relay_drone,R,2,2,2,0,0,0,9047.0,0.6164474411407096,False
K2_03,2,relay_component_R,中继能源组件,relay_component,R,3,6,3,0,3,0,9047.0,0.4724217972808666,False
K3_01,3,transport_drone_A,A型运输无人机,transport_drone,A,6,4,4,2,0,2,9047.0,0.27815850558196087,False
K3_01,3,transport_drone_B,B型运输无人机,transport_drone,B,3,2,2,1,0,1,9047.0,0.4703216535868244,False
K3_01,3,transport_drone_C,C型运输无人机,transport_drone,C,4,2,2,2,0,2,9047.0,0.3547308500055267,False
K3_01,3,transport_battery_A,A型共享电池,transport_battery,A,8,6,6,2,0,2,9047.0,0.342047087432298,False
K3_01,3,transport_battery_B,B型共享电池,transport_battery,B,5,4,4,1,0,1,9047.0,0.5468553111528683,False
K3_01,3,transport_battery_C,C型共享电池,transport_battery,C,6,4,4,2,0,2,9047.0,0.47262444272502857,False
K3_01,3,relay_drone_R,中继无人机,relay_drone,R,2,2,2,0,0,0,9047.0,0.6164474411407096,False
K3_01,3,relay_component_R,中继能源组件,relay_component,R,3,6,3,0,3,0,9047.0,0.4724217972808666,False
