scenario_id,group_id,task_id,task_type,recommended
K2_01,G1,R01,transport,False
K2_01,G2,R02,transport,False
K2_01,G2,R03,transport,False
K2_01,G2,R04,transport,False
K2_01,G1,R05,transport,False
K2_01,G1,R06,transport,False
K2_01,G1,R07,transport,False
K2_01,G1,R08,transport,False
K2_01,G1,R09,transport,False
K2_01,G1,R10,transport,False
K2_01,G1,R11,transport,False
K2_01,G1,R12,transport,False
K2_01,G1,R13,transport,False
K2_01,G1,R14,transport,False
K2_01,G1,R15,transport,False
K2_01,G1,R16,transport,False
K2_01,G1,R17,transport,False
K2_01,G1,R18,transport,False
K2_01,G1,R19,transport,False
K2_01,G1,R20,transport,False
K2_01,G1,R21,transport,False
K2_01,G1,R22,transport,False
K2_01,G1,J01,relay,False
K2_01,G1,J03,relay,False
K2_01,G1,J04,relay,False
K2_01,G1,J06,relay,False
K2_02,G2,R01,transport,True
K2_02,G1,R02,transport,True
K2_02,G1,R03,transport,True
K2_02,G1,R04,transport,True
K2_02,G1,R05,transport,True
K2_02,G1,R06,transport,True
K2_02,G2,R07,transport,True
K2_02,G2,R08,transport,True
K2_02,G2,R09,transport,True
K2_02,G2,R10,transport,True
K2_02,G2,R11,transport,True
K2_02,G2,R12,transport,True
K2_02,G2,R13,transport,True
K2_02,G2,R14,transport,True
K2_02,G2,R15,transport,True
K2_02,G2,R16,transport,True
K2_02,G2,R17,transport,True
K2_02,G2,R18,transport,True
K2_02,G2,R19,transport,True
K2_02,G2,R20,transport,True
K2_02,G2,R21,transport,True
K2_02,G2,R22,transport,True
K2_02,G2,J01,relay,True
K2_02,G2,J03,relay,True
K2_02,G2,J04,relay,True
K2_02,G2,J06,relay,True
K2_03,G2,R01,transport,False
K2_03,G2,R02,transport,False
K2_03,G2,R03,transport,False
K2_03,G2,R04,transport,False
K2_03,G1,R05,transport,False
K2_03,G1,R06,transport,False
K2_03,G2,R07,transport,False
K2_03,G2,R08,transport,False
K2_03,G2,R09,transport,False
K2_03,G2,R10,transport,False
K2_03,G2,R11,transport,False
K2_03,G2,R12,transport,False
K2_03,G2,R13,transport,False
K2_03,G2,R14,transport,False
K2_03,G2,R15,transport,False
K2_03,G2,R16,transport,False
K2_03,G2,R17,transport,False
K2_03,G2,R18,transport,False
K2_03,G2,R19,transport,False
K2_03,G2,R20,transport,False
K2_03,G2,R21,transport,False
K2_03,G2,R22,transport,False
K2_03,G2,J01,relay,False
K2_03,G2,J03,relay,False
K2_03,G2,J04,relay,False
K2_03,G2,J06,relay,False
K3_01,G2,R01,transport,False
K3_01,G3,R02,transport,False
K3_01,G3,R03,transport,False
K3_01,G3,R04,transport,False
K3_01,G1,R05,transport,False
K3_01,G1,R06,transport,False
K3_01,G2,R07,transport,False
K3_01,G2,R08,transport,False
K3_01,G2,R09,transport,False
K3_01,G2,R10,transport,False
K3_01,G2,R11,transport,False
K3_01,G2,R12,transport,False
K3_01,G2,R13,transport,False
K3_01,G2,R14,transport,False
K3_01,G2,R15,transport,False
K3_01,G2,R16,transport,False
K3_01,G2,R17,transport,False
K3_01,G2,R18,transport,False
K3_01,G2,R19,transport,False
K3_01,G2,R20,transport,False
K3_01,G2,R21,transport,False
K3_01,G2,R22,transport,False
K3_01,G2,J01,relay,False
K3_01,G2,J03,relay,False
K3_01,G2,J04,relay,False
K3_01,G2,J06,relay,False
