服务区,需求kg,最早硬截止秒,最小硬时限余量min
S001,154,3600.0,38.06666666666667
S002,81,3600.0,6.766666666666667
S003,81,7200.0,34.516666666666666
S004,59,7200.0,10.8
S005,59,10800.0,105.58333333333333
S006,59,3600.0,14.866666666666667
S007,45,3600.0,41.11666666666667
S008,45,7200.0,16.166666666666668
S009,25,10800.0,64.26666666666667
S010,25,3600.0,41.13333333333333
S011,25,10800.0,90.58333333333333
S012,25,3600.0,38.78333333333333
S013,25,3600.0,13.466666666666667
S014,25,3600.0,7.283333333333333
S015,25,7200.0,7.316666666666666
