波次,开始秒,结束秒,货箱编号,架次编号,服务区,送达秒,质量kg
1,0,2400,S007-WAT-01,R01,S007,1133,14
1,0,2400,S007-FOD-01,R01,S007,1133,8
1,0,2400,S007-MED-01,R02,S007,1133,3
1,0,2400,S007-WAT-02,R02,S007,1133,14
1,0,2400,S010-WAT-01,R03,S010,1042,14
1,0,2400,S002-WAT-02,R04,S002,1159,14
1,0,2400,S002-WAT-03,R04,S002,1159,14
1,0,2400,S012-MED-01,R05,S012,1273,3
1,0,2400,S012-WAT-01,R05,S012,1273,14
1,0,2400,S012-FOD-01,R05,S012,1273,8
1,0,2400,S001-MED-01,R06,S001,1316,3
1,0,2400,S001-WAT-01,R06,S001,1316,14
1,0,2400,S001-WAT-02,R06,S001,1316,14
1,0,2400,S001-WAT-03,R06,S001,1316,14
1,0,2400,S001-FOD-01,R06,S001,1316,8
1,0,2400,S001-FOD-02,R06,S001,1316,8
1,0,2400,S001-HYG-01,R06,S001,1316,6
1,0,2400,S001-HYG-02,R06,S001,1316,6
1,0,2400,S001-MED-02,R07,S001,1184,3
1,0,2400,S001-WAT-04,R07,S001,1184,14
1,0,2400,S001-WAT-05,R07,S001,1184,14
1,0,2400,S001-WAT-06,R07,S001,1184,14
1,0,2400,S001-WAT-07,R07,S001,1184,14
1,0,2400,S001-WAT-08,R07,S001,1184,14
1,0,2400,S010-MED-01,R08,S010,1132,3
1,0,2400,S010-FOD-01,R08,S010,1132,8
1,0,2400,S013-MED-01,R08,S013,1533,3
2,2400,4800,S006-MED-01,R09,S006,2708,3
2,2400,4800,S006-WAT-01,R09,S006,2708,14
2,2400,4800,S006-WAT-02,R09,S006,2708,14
2,2400,4800,S006-WAT-03,R09,S006,2708,14
2,2400,4800,S006-FOD-01,R09,S006,2708,8
2,2400,4800,S006-HYG-01,R09,S006,2708,6
2,2400,4800,S002-WAT-01,R10,S002,2871,14
2,2400,4800,S002-FOD-01,R10,S002,2871,8
2,2400,4800,S007-HYG-01,R11,S007,2853,6
2,2400,4800,S003-WAT-02,R11,S003,3464,14
2,2400,4800,S003-WAT-03,R11,S003,3464,14
2,2400,4800,S003-WAT-04,R11,S003,3464,14
2,2400,4800,S003-FOD-02,R11,S003,3464,8
2,2400,4800,S003-HYG-01,R11,S003,3464,6
2,2400,4800,S013-WAT-01,R12,S013,2792,14
2,2400,4800,S013-FOD-01,R12,S013,2792,8
2,2400,4800,S001-FOD-03,R13,S001,2613,8
2,2400,4800,S002-MED-01,R13,S002,3194,3
2,2400,4800,S002-WAT-04,R13,S002,3194,14
2,2400,4800,S014-MED-01,R14,S014,3163,3
2,2400,4800,S014-WAT-01,R14,S014,3163,14
2,2400,4800,S014-FOD-01,R14,S014,3163,8
2,2400,4800,S005-MED-01,R15,S005,4465,3
2,2400,4800,S005-WAT-01,R15,S005,4465,14
2,2400,4800,S005-WAT-02,R15,S005,4465,14
2,2400,4800,S005-WAT-03,R15,S005,4465,14
2,2400,4800,S005-FOD-01,R15,S005,4465,8
2,2400,4800,S005-HYG-01,R15,S005,4465,6
3,4800,7200,S002-FOD-02,R16,S002,4944,8
3,4800,7200,S002-HYG-01,R16,S002,4944,6
3,4800,7200,S003-MED-01,R17,S003,5129,3
3,4800,7200,S003-WAT-01,R17,S003,5129,14
3,4800,7200,S003-FOD-01,R17,S003,5129,8
3,4800,7200,S011-MED-01,R18,S011,5365,3
3,4800,7200,S011-WAT-01,R18,S011,5365,14
3,4800,7200,S011-FOD-01,R18,S011,5365,8
3,4800,7200,S008-MED-01,R18,S008,6230,3
3,4800,7200,S008-WAT-01,R18,S008,6230,14
3,4800,7200,S008-WAT-02,R18,S008,6230,14
3,4800,7200,S008-FOD-01,R18,S008,6230,8
3,4800,7200,S008-HYG-01,R18,S008,6230,6
3,4800,7200,S004-MED-01,R19,S004,6552,3
3,4800,7200,S004-WAT-01,R19,S004,6552,14
3,4800,7200,S004-WAT-02,R19,S004,6552,14
3,4800,7200,S004-WAT-03,R19,S004,6552,14
3,4800,7200,S004-FOD-01,R19,S004,6552,8
3,4800,7200,S004-HYG-01,R19,S004,6552,6
3,4800,7200,S015-MED-01,R20,S015,6761,3
3,4800,7200,S015-WAT-01,R20,S015,6761,14
3,4800,7200,S015-FOD-01,R20,S015,6761,8
3,4800,7200,S009-MED-01,R21,S009,6944,3
3,4800,7200,S009-WAT-01,R21,S009,6944,14
3,4800,7200,S009-FOD-01,R21,S009,6944,8
