端点对,总能耗kWh,累计距离m,经过次数,平均单位能耗
O01|S001,6.325301281553953,15269.943513412434,5,0.4142321336027269
O01|S002,9.32507177245433,51879.15396200823,7,0.17974602629956532
O01|S003,5.064237137414719,21789.98315147136,3,0.23241124613135639
O01|S004,6.154566841621964,15429.458510086466,2,0.3988841758509304
O01|S005,4.219644207411931,10561.283378930164,2,0.39953896283383056
O01|S006,2.59774241897684,6372.5012266016965,2,0.407648790734271
O01|S007,6.252678756886741,22672.63997838816,5,0.27578079847988024
O01|S008,2.513235124500437,8079.114648829173,1,0.3110780368570033
O01|S009,2.095313216906743,11410.29763928902,2,0.18363352851480066
O01|S010,2.9553751146191294,14353.424628956687,3,0.20590034720055153
O01|S011,1.6312684904921415,2808.0980667915605,1,0.5809157841684549
O01|S012,2.752947602626505,14780.896452536577,2,0.18625038146140768
O01|S013,2.9075767870596287,14547.68112367668,3,0.19986530927788082
O01|S014,2.1355334158542574,10839.140390126762,2,0.19702055135289953
O01|S015,2.3102237213281125,12018.945142306413,2,0.19221518144684574
S001|S002,0.8018981686655118,4360.583296216634,1,0.18389699592741673
S003|S007,1.2622802240134927,2734.341658548931,1,0.4616395394726801
S008|S011,2.2070694061596625,5327.278388626994,1,0.41429586463351564
S010|S013,0.2901377608381065,1378.6540993721037,1,0.21045000408024556
